1 2
1 3
1 4
1 5
1 6
1 7
1 8
1 9
1 10
1 11
1 14
1 17
1 18
1 32
1 34
1 36
1 37
1 60
1 71
1 72
1 73
1 76
1 80
1 85
1 95
1 97
1 100
1 101
1 105
1 108
1 113
1 131
1 155
1 162
1 172
1 176
1 187
1 199
1 213
1 242
1 264
1 285
1 291
1 293
1 306
1 315
1 337
1 358
1 370
1 403
1 411
1 413
1 441
1 459
1 474
1 481
1 523
1 537
1 541
1 545
1 548
1 556
1 587
1 590
1 605
1 626
1 629
1 674
1 738
1 767
1 773
1 779
1 787
1 804
1 808
1 828
1 877
1 887
1 933
1 1058
1 1076
1 1077
1 1101
1 1176
1 1207
1 1254
1 1274
1 1284
1 1310
1 1325
1 1371
1 1380
1 1400
1 1443
1 1483
1 1560
1 1563
1 1574
1 1598
1 1603
1 1622
1 1652
1 1796
1 1852
1 1861
1 2057
1 2090
1 2092
1 2113
1 2127
1 2145
1 2180
1 2184
1 2218
1 2247
1 2377
1 2488
1 2490
1 2550
1 2551
1 2647
1 2671
1 2702
1 2714
1 2735
1 2738
1 2784
1 2813
1 2834
1 2873
1 2891
1 2990
2 7
2 11
2 12
2 14
2 16
2 18
2 23
2 24
2 33
2 42
2 43
2 49
2 50
2 55
2 68
2 70
2 74
2 81
2 86
2 97
2 124
2 161
2 194
2 212
2 222
2 226
2 240
2 262
2 281
2 307
2 310
2 356
2 390
2 407
2 410
2 439
2 450
2 503
2 515
2 517
2 530
2 560
2 615
2 633
2 640
2 649
2 684
2 711
2 742
2 832
2 837
2 906
2 923
2 970
2 979
2 997
2 1004
2 1008
2 1019
2 1027
2 1030
2 1137
2 1165
2 1187
2 1192
2 1209
2 1217
2 1240
2 1262
2 1281
2 1328
2 1339
2 1348
2 1360
2 1391
2 1411
2 1472
2 1480
2 1490
2 1493
2 1511
2 1527
2 1528
2 1570
2 1581
2 1664
2 1679
2 1681
2 1688
2 1710
2 1717
2 1738
2 1783
2 1871
2 1918
2 2023
2 2098
2 2110
2 2111
2 2129
2 2204
2 2314
2 2370
2 2384
2 2478
2 2498
2 2511
2 2616
2 2644
2 2670
2 2676
2 2678
2 2685
2 2686
2 2720
2 2730
2 2811
2 2866
2 2908
2 2914
2 2918
2 2928
2 2929
2 2993
2 2995
3 6
3 7
3 11
3 20
3 23
3 31
3 39
3 68
3 70
3 76
3 78
3 83
3 103
3 121
3 196
3 201
3 217
3 219
3 239
3 252
3 257
3 277
3 293
3 305
3 316
3 350
3 383
3 394
3 513
3 534
3 546
3 610
3 620
3 717
3 802
3 822
3 849
3 863
3 872
3 942
3 1066
3 1080
3 1099
3 1107
3 1127
3 1139
3 1169
3 1278
3 1371
3 1467
3 1471
3 1589
3 1621
3 1637
3 1720
3 1754
3 1774
3 1858
3 1862
3 1972
3 2014
3 2026
3 2027
3 2107
3 2182
3 2288
3 2298
3 2436
3 2470
3 2473
3 2700
3 2702
3 2781
3 2785
3 2944
4 6
4 8
4 9
4 13
4 17
4 20
4 27
4 28
4 30
4 34
4 35
4 42
4 44
4 96
4 103
4 117
4 136
4 137
4 146
4 151
4 186
4 210
4 254
4 286
4 344
4 345
4 364
4 414
4 429
4 456
4 466
4 479
4 510
4 543
4 589
4 621
4 663
4 671
4 684
4 711
4 784
4 796
4 871
4 889
4 920
4 965
4 988
4 1023
4 1066
4 1083
4 1106
4 1119
4 1186
4 1241
4 1246
4 1265
4 1277
4 1308
4 1341
4 1350
4 1376
4 1541
4 1559
4 1703
4 1735
4 1792
4 1866
4 1878
4 1897
4 1904
4 1920
4 2158
4 2195
4 2197
4 2426
4 2511
4 2536
4 2562
4 2605
4 2607
4 2715
4 2718
4 2748
4 2763
4 2784
4 2815
4 2857
5 6
5 13
5 15
5 22
5 31
5 32
5 35
5 37
5 39
5 49
5 58
5 74
5 81
5 99
5 103
5 125
5 141
5 167
5 236
5 273
5 291
5 302
5 307
5 350
5 362
5 374
5 398
5 447
5 502
5 543
5 566
5 571
5 582
5 597
5 803
5 863
5 903
5 908
5 925
5 1127
5 1213
5 1283
5 1321
5 1539
5 1612
5 1968
5 1977
5 2292
5 2321
5 2369
5 2410
5 2451
5 2539
5 2640
5 2671
5 2821
5 2827
6 7
6 8
6 10
6 21
6 37
6 43
6 57
6 61
6 64
6 70
6 71
6 77
6 91
6 92
6 149
6 155
6 168
6 189
6 216
6 265
6 303
6 386
6 388
6 396
6 425
6 458
6 470
6 479
6 495
6 561
6 562
6 653
6 699
6 720
6 794
6 809
6 819
6 853
6 871
6 896
6 956
6 1025
6 1129
6 1154
6 1163
6 1169
6 1298
6 1318
6 1322
6 1389
6 1395
6 1457
6 1600
6 1696
6 1719
6 1750
6 1764
6 1820
6 1841
6 2011
6 2047
6 2059
6 2112
6 2116
6 2134
6 2238
6 2441
6 2673
6 2690
6 2750
6 2867
6 2890
6 2922
6 2990
6 2995
7 8
7 9
7 10
7 12
7 14
7 16
7 20
7 21
7 22
7 26
7 27
7 30
7 33
7 35
7 40
7 44
7 47
7 48
7 51
7 52
7 53
7 56
7 67
7 69
7 81
7 82
7 83
7 84
7 91
7 95
7 96
7 100
7 102
7 104
7 107
7 108
7 112
7 113
7 120
7 133
7 146
7 157
7 160
7 168
7 172
7 175
7 186
7 196
7 197
7 203
7 205
7 206
7 228
7 239
7 240
7 253
7 265
7 274
7 283
7 291
7 310
7 323
7 326
7 332
7 338
7 340
7 341
7 354
7 359
7 361
7 364
7 371
7 372
7 375
7 379
7 387
7 389
7 391
7 397
7 422
7 431
7 433
7 437
7 443
7 446
7 457
7 484
7 488
7 548
7 552
7 564
7 590
7 596
7 598
7 606
7 651
7 653
7 689
7 701
7 718
7 719
7 739
7 766
7 778
7 791
7 803
7 813
7 814
7 836
7 850
7 854
7 881
7 892
7 901
7 908
7 915
7 925
7 967
7 1012
7 1054
7 1098
7 1110
7 1145
7 1148
7 1151
7 1157
7 1166
7 1169
7 1180
7 1205
7 1212
7 1219
7 1222
7 1226
7 1244
7 1249
7 1317
7 1319
7 1354
7 1366
7 1398
7 1492
7 1504
7 1507
7 1526
7 1528
7 1563
7 1584
7 1604
7 1612
7 1614
7 1616
7 1640
7 1658
7 1684
7 1698
7 1710
7 1732
7 1785
7 1791
7 1814
7 1822
7 1843
7 1849
7 1861
7 1890
7 1898
7 1932
7 1983
7 2020
7 2037
7 2108
7 2111
7 2125
7 2139
7 2147
7 2206
7 2216
7 2262
7 2272
7 2298
7 2317
7 2319
7 2354
7 2355
7 2401
7 2410
7 2413
7 2464
7 2467
7 2497
7 2534
7 2590
7 2615
7 2652
7 2660
7 2691
7 2715
7 2728
7 2743
7 2855
7 2869
7 2879
7 2882
7 2909
7 2932
7 2947
7 2961
7 2970
7 2993
8 9
8 10
8 13
8 14
8 17
8 18
8 24
8 26
8 38
8 40
8 78
8 83
8 101
8 139
8 151
8 184
8 298
8 410
8 575
8 658
8 675
8 745
8 794
8 927
8 1061
8 1097
8 1154
8 1176
8 1246
8 1338
8 1422
8 1509
8 1545
8 1556
8 1746
8 1925
8 1930
8 2073
8 2089
8 2142
8 2351
8 2436
8 2495
8 2538
8 2671
8 2704
8 2768
8 2789
8 2802
8 2805
8 2969
9 12
9 15
9 16
9 20
9 30
9 33
9 38
9 40
9 42
9 44
9 45
9 49
9 57
9 60
9 72
9 106
9 110
9 160
9 167
9 234
9 270
9 277
9 330
9 346
9 350
9 357
9 386
9 408
9 416
9 417
9 464
9 512
9 526
9 560
9 611
9 634
9 639
9 704
9 712
9 825
9 834
9 842
9 864
9 1002
9 1003
9 1008
9 1048
9 1089
9 1096
9 1103
9 1126
9 1154
9 1186
9 1199
9 1256
9 1295
9 1297
9 1304
9 1358
9 1379
9 1383
9 1452
9 1458
9 1481
9 1598
9 1763
9 1774
9 1871
9 1883
9 1887
9 1891
9 1946
9 2036
9 2049
9 2052
9 2264
9 2285
9 2295
9 2326
9 2474
9 2482
9 2488
9 2547
9 2554
9 2596
9 2640
9 2649
9 2671
9 2880
9 2948
9 2965
9 2994
10 11
10 12
10 27
10 28
10 32
10 35
10 41
10 64
10 65
10 73
10 77
10 87
10 102
10 105
10 124
10 129
10 130
10 155
10 166
10 167
10 192
10 215
10 270
10 318
10 319
10 357
10 375
10 389
10 392
10 395
10 524
10 527
10 539
10 549
10 558
10 584
10 618
10 638
10 660
10 773
10 934
10 993
10 1006
10 1009
10 1022
10 1088
10 1206
10 1331
10 1372
10 1405
10 1409
10 1540
10 1620
10 1641
10 1855
10 1874
10 1938
10 1991
10 2006
10 2038
10 2055
10 2057
10 2159
10 2414
10 2619
10 2674
10 2693
10 2765
10 2967
11 13
11 15
11 17
11 19
11 41
11 46
11 59
11 64
11 86
11 107
11 120
11 121
11 133
11 145
11 211
11 223
11 225
11 233
11 237
11 336
11 403
11 512
11 519
11 551
11 563
11 578
11 628
11 640
11 641
11 705
11 743
11 806
11 813
11 818
11 821
11 853
11 855
11 861
11 904
11 919
11 933
11 941
11 952
11 967
11 1041
11 1085
11 1123
11 1171
11 1179
11 1237
11 1247
11 1248
11 1371
11 1453
11 1466
11 1520
11 1578
11 1588
11 1604
11 1662
11 1702
11 1905
11 1927
11 1932
11 2036
11 2139
11 2294
11 2443
11 2482
11 2498
11 2562
11 2590
11 2594
11 2649
11 2877
11 2892
11 2913
11 2948
11 2980
12 15
12 25
12 31
12 37
12 50
12 51
12 54
12 82
12 90
12 91
12 115
12 116
12 122
12 144
12 165
12 181
12 196
12 200
12 201
12 210
12 222
12 235
12 246
12 270
12 439
12 469
12 506
12 643
12 669
12 905
12 992
12 1056
12 1063
12 1068
12 1149
12 1185
12 1350
12 1447
12 2036
12 2071
12 2213
12 2466
12 2572
12 2605
12 2760
12 2836
12 2951
12 2990
13 19
13 26
13 29
13 40
13 46
13 51
13 54
13 58
13 81
13 84
13 99
13 119
13 150
13 205
13 216
13 246
13 249
13 284
13 307
13 309
13 372
13 379
13 424
13 439
13 455
13 457
13 459
13 474
13 550
13 554
13 645
13 748
13 751
13 752
13 796
13 800
13 852
13 858
13 873
13 959
13 1016
13 1105
13 1141
13 1158
13 1203
13 1294
13 1302
13 1317
13 1367
13 1385
13 1529
13 1541
13 1587
13 1605
13 1637
13 1738
13 1765
13 1774
13 1848
13 1849
13 1874
13 1922
13 1972
13 2055
13 2078
13 2101
13 2214
13 2259
13 2308
13 2388
13 2427
13 2450
13 2510
13 2549
13 2647
13 2661
13 2678
13 2683
13 2744
13 2818
13 2919
13 2955
13 2996
14 16
14 25
14 43
14 45
14 51
14 57
14 59
14 60
14 63
14 71
14 89
14 126
14 127
14 153
14 181
14 208
14 231
14 248
14 281
14 285
14 287
14 302
14 336
14 356
14 365
14 376
14 433
14 447
14 467
14 488
14 503
14 508
14 513
14 642
14 709
14 730
14 765
14 783
14 812
14 830
14 867
14 878
14 994
14 1039
14 1074
14 1118
14 1210
14 1280
14 1387
14 1393
14 1399
14 1414
14 1465
14 1611
14 1657
14 1674
14 1701
14 1831
14 1914
14 2044
14 2048
14 2210
14 2256
14 2277
14 2296
14 2334
14 2405
14 2441
14 2454
14 2513
14 2593
14 2706
14 2772
14 2778
14 2921
14 2950
15 18
15 19
15 21
15 27
15 44
15 52
15 73
15 75
15 78
15 79
15 85
15 109
15 132
15 139
15 182
15 190
15 191
15 210
15 213
15 272
15 289
15 295
15 297
15 316
15 325
15 344
15 352
15 379
15 438
15 440
15 446
15 473
15 487
15 489
15 491
15 497
15 647
15 683
15 695
15 740
15 745
15 796
15 815
15 924
15 966
15 1063
15 1066
15 1135
15 1150
15 1215
15 1220
15 1247
15 1266
15 1269
15 1278
15 1334
15 1378
15 1404
15 1494
15 1535
15 1598
15 1660
15 1694
15 1858
15 1880
15 1895
15 1945
15 1949
15 1981
15 2063
15 2077
15 2092
15 2181
15 2226
15 2309
15 2360
15 2387
15 2395
15 2502
15 2587
15 2639
15 2810
15 2880
16 22
16 25
16 28
16 41
16 50
16 53
16 63
16 64
16 65
16 84
16 102
16 126
16 143
16 156
16 177
16 179
16 183
16 188
16 189
16 203
16 214
16 221
16 235
16 242
16 249
16 253
16 284
16 289
16 348
16 353
16 356
16 372
16 384
16 419
16 441
16 446
16 505
16 560
16 594
16 669
16 681
16 710
16 736
16 740
16 777
16 792
16 888
16 899
16 960
16 1028
16 1051
16 1076
16 1122
16 1167
16 1207
16 1232
16 1274
16 1284
16 1331
16 1432
16 1482
16 1496
16 1508
16 1656
16 1662
16 1679
16 1698
16 1786
16 1808
16 1966
16 2146
16 2234
16 2237
16 2295
16 2315
16 2321
16 2417
16 2486
16 2544
16 2649
16 2800
16 2873
16 2957
16 2996
17 19
17 21
17 34
17 39
17 56
17 75
17 83
17 130
17 140
17 147
17 158
17 183
17 226
17 278
17 292
17 313
17 330
17 331
17 427
17 464
17 472
17 516
17 542
17 617
17 704
17 737
17 759
17 782
17 813
17 839
17 1015
17 1037
17 1237
17 1240
17 1391
17 1451
17 1490
17 1802
17 1823
17 1832
17 1896
17 1976
17 1988
17 2015
17 2026
17 2035
17 2068
17 2095
17 2260
17 2335
17 2356
17 2525
17 2546
17 2587
17 2654
17 2742
17 2835
17 2889
18 23
18 147
18 187
18 203
18 209
18 232
18 266
18 314
18 359
18 381
18 421
18 587
18 639
18 644
18 764
18 1042
18 1090
18 1182
18 1193
18 1269
18 1497
18 1652
18 2164
18 2366
18 2383
18 2415
18 2833
18 2863
18 2914
19 36
19 48
19 66
19 142
19 144
19 159
19 202
19 273
19 279
19 298
19 329
19 338
19 346
19 355
19 393
19 400
19 445
19 456
19 460
19 540
19 545
19 568
19 618
19 926
19 1006
19 1017
19 1047
19 1451
19 1565
19 1609
19 1769
19 1947
19 2356
19 2572
19 2810
19 2854
20 22
20 23
20 24
20 25
20 30
20 57
20 85
20 86
20 90
20 96
20 97
20 98
20 111
20 123
20 124
20 135
20 137
20 138
20 140
20 151
20 156
20 182
20 231
20 248
20 297
20 326
20 368
20 414
20 430
20 432
20 455
20 493
20 515
20 521
20 524
20 622
20 804
20 815
20 958
20 966
20 1052
20 1070
20 1074
20 1192
20 1198
20 1262
20 1277
20 1368
20 1369
20 1415
20 1445
20 1487
20 1619
20 1639
20 1650
20 1687
20 1715
20 1725
20 1790
20 1793
20 1797
20 1869
20 1915
20 1918
20 1930
20 2031
20 2125
20 2142
20 2161
20 2194
20 2244
20 2282
20 2316
20 2351
20 2544
20 2652
20 2992
21 55
21 65
21 75
21 94
21 164
21 188
21 209
21 220
21 223
21 237
21 249
21 518
21 522
21 551
21 594
21 681
21 770
21 796
21 859
21 952
21 976
21 1021
21 1092
21 1120
21 1282
21 1654
21 1711
21 1988
21 2400
21 2868
22 47
22 48
22 62
22 78
22 79
22 119
22 163
22 224
22 242
22 247
22 276
22 280
22 302
22 312
22 339
22 594
22 600
22 650
22 745
22 783
22 784
22 818
22 839
22 858
22 934
22 991
22 1089
22 1106
22 1142
22 1249
22 1314
22 1338
22 1344
22 1373
22 1464
22 1675
22 1736
22 1907
22 1973
22 2010
22 2034
22 2115
22 2279
22 2532
22 2587
22 2698
22 2941
23 24
23 26
23 32
23 38
23 53
23 55
23 67
23 80
23 104
23 105
23 111
23 125
23 156
23 178
23 183
23 202
23 207
23 214
23 220
23 258
23 275
23 404
23 415
23 417
23 434
23 478
23 487
23 491
23 556
23 560
23 562
23 591
23 680
23 702
23 750
23 800
23 959
23 995
23 1014
23 1022
23 1029
23 1039
23 1047
23 1061
23 1126
23 1134
23 1143
23 1164
23 1217
23 1248
23 1265
23 1291
23 1292
23 1421
23 1438
23 1517
23 1518
23 1520
23 1547
23 1669
23 1701
23 1768
23 1792
23 1812
23 1826
23 1948
23 2067
23 2166
23 2236
23 2524
23 2566
23 2740
23 2798
23 2801
23 2832
23 2843
23 2867
23 2878
23 2894
23 2957
23 2970
24 29
24 45
24 105
24 114
24 128
24 131
24 166
24 262
24 271
24 319
24 412
24 432
24 476
24 625
24 656
24 710
24 787
24 825
24 937
24 963
24 972
24 1059
24 1068
24 1071
24 1082
24 1102
24 1210
24 1301
24 1316
24 1376
24 1380
24 1477
24 1487
24 1513
24 1531
24 1635
24 1678
24 1711
24 1722
24 1729
24 1929
24 2003
24 2320
24 2323
24 2481
24 2665
24 2725
24 2729
24 2807
24 2820
25 28
25 29
25 31
25 36
25 55
25 75
25 92
25 98
25 119
25 120
25 199
25 318
25 327
25 336
25 339
25 344
25 399
25 421
25 436
25 494
25 499
25 523
25 529
25 543
25 585
25 602
25 620
25 706
25 756
25 800
25 809
25 843
25 870
25 877
25 902
25 917
25 946
25 1073
25 1148
25 1178
25 1184
25 1226
25 1240
25 1281
25 1346
25 1370
25 1386
25 1456
25 1474
25 1491
25 1525
25 1569
25 1583
25 1596
25 1650
25 1703
25 1811
25 1824
25 1834
25 1901
25 1915
25 1987
25 2024
25 2242
25 2638
25 2645
25 2662
25 2710
25 2797
25 2951
25 2957
25 2958
26 29
26 36
26 42
26 73
26 86
26 89
26 93
26 97
26 116
26 122
26 176
26 204
26 246
26 288
26 299
26 382
26 405
26 406
26 420
26 425
26 608
26 643
26 670
26 825
26 894
26 1003
26 1085
26 1087
26 1207
26 1274
26 1448
26 1482
26 1494
26 1566
26 1581
26 1607
26 1696
26 1714
26 1720
26 1776
26 1838
26 1841
26 1925
26 2016
26 2044
26 2064
26 2265
26 2360
26 2492
26 2556
26 2613
26 2733
26 2778
26 2903
27 93
27 127
27 212
27 221
27 310
27 322
27 390
27 452
27 499
27 613
27 635
27 727
27 897
27 951
27 1266
27 1324
27 1453
27 1986
27 2032
27 2233
27 2559
27 2941
28 59
28 61
28 62
28 90
28 116
28 169
28 181
28 191
28 219
28 244
28 323
28 378
28 396
28 523
28 604
28 874
28 1044
28 1093
28 1189
28 1533
28 1574
28 1693
28 1701
28 1950
28 1959
28 2017
28 2117
28 2139
28 2150
28 2374
28 2521
28 2632
28 2655
28 2658
28 2787
29 38
29 54
29 68
29 77
29 82
29 88
29 120
29 124
29 174
29 195
29 214
29 245
29 345
29 353
29 376
29 434
29 441
29 455
29 467
29 502
29 507
29 725
29 741
29 787
29 929
29 1023
29 1034
29 1429
29 1530
29 1727
29 1752
29 1942
29 1958
29 1959
29 1993
29 2067
29 2137
29 2177
29 2194
29 2336
29 2410
29 2419
29 2484
29 2589
29 2597
29 2672
29 2815
29 2822
29 2850
29 2865
29 2893
30 52
30 62
30 90
30 141
30 169
30 209
30 246
30 332
30 360
30 368
30 457
30 483
30 571
30 674
30 686
30 771
30 787
30 873
30 970
30 1105
30 1140
30 1168
30 1242
30 1399
30 1687
30 1691
30 1816
30 1822
30 2126
30 2209
30 2263
30 2589
30 2612
30 2633
30 2645
30 2768
30 2797
30 2844
30 2968
30 2993
31 33
31 46
31 47
31 54
31 56
31 58
31 62
31 63
31 79
31 82
31 96
31 108
31 109
31 117
31 148
31 160
31 172
31 218
31 232
31 238
31 243
31 249
31 276
31 280
31 309
31 326
31 327
31 339
31 369
31 383
31 396
31 420
31 427
31 439
31 467
31 506
31 510
31 520
31 533
31 550
31 599
31 600
31 612
31 638
31 686
31 699
31 715
31 728
31 799
31 806
31 845
31 931
31 962
31 966
31 973
31 1000
31 1004
31 1083
31 1086
31 1125
31 1151
31 1161
31 1189
31 1191
31 1193
31 1301
31 1385
31 1387
31 1412
31 1495
31 1531
31 1570
31 1579
31 1671
31 1709
31 1756
31 1892
31 1899
31 1961
31 1992
31 2002
31 2043
31 2081
31 2144
31 2185
31 2201
31 2206
31 2270
31 2325
31 2343
31 2345
31 2470
31 2632
31 2754
31 2809
31 2813
31 2989
32 76
32 103
32 132
32 138
32 342
32 363
32 607
32 667
32 937
32 1276
32 1574
32 2142
32 2569
32 2729
33 34
33 43
33 52
33 119
33 121
33 126
33 133
33 147
33 158
33 215
33 273
33 293
33 300
33 312
33 325
33 342
33 347
33 351
33 358
33 377
33 402
33 408
33 464
33 581
33 595
33 624
33 695
33 699
33 714
33 732
33 757
33 781
33 831
33 891
33 893
33 904
33 1139
33 1227
33 1334
33 1357
33 1366
33 1394
33 1427
33 1501
33 1545
33 1581
33 1625
33 1643
33 1647
33 1753
33 1852
33 1958
33 2060
33 2172
33 2187
33 2191
33 2413
33 2483
33 2636
33 2679
33 2759
33 2817
33 2887
33 2979
33 2998
34 41
34 478
34 496
34 502
34 685
34 730
34 1518
34 1947
34 2020
34 2390
34 2489
34 2564
34 2833
35 39
35 47
35 48
35 59
35 71
35 148
35 164
35 211
35 245
35 255
35 362
35 407
35 451
35 568
35 595
35 736
35 755
35 851
35 874
35 983
35 1130
35 1249
35 1304
35 1309
35 1365
35 1599
35 1619
35 1713
35 1911
35 1983
35 2601
35 2663
35 2765
35 2885
36 290
36 348
36 376
36 830
36 831
36 1548
36 1668
36 1913
36 2409
36 2501
36 2515
37 114
37 152
37 167
37 277
37 278
37 413
37 452
37 568
37 604
37 630
37 729
37 826
37 966
37 1389
37 1695
37 2210
37 2272
37 2756
37 2861
37 2907
38 106
38 115
38 125
38 126
38 180
38 204
38 305
38 310
38 324
38 432
38 877
38 884
38 1236
38 1260
38 1764
38 2074
38 2159
38 2472
38 2681
38 2934
39 61
39 88
39 100
39 132
39 144
39 174
39 194
39 198
39 250
39 335
39 343
39 394
39 431
39 522
39 634
39 771
39 876
39 879
39 994
39 1036
39 1052
39 1053
39 1174
39 1296
39 1454
39 1463
39 2082
39 2085
39 2101
39 2189
39 2268
39 2362
39 2942
40 72
40 93
40 106
40 115
40 128
40 161
40 165
40 175
40 206
40 229
40 258
40 266
40 482
40 498
40 511
40 583
40 603
40 619
40 620
40 675
40 690
40 719
40 762
40 860
40 904
40 928
40 1098
40 1287
40 1407
40 1415
40 1433
40 1458
40 1476
40 1562
40 1656
40 1665
40 2237
40 2264
40 2730
41 74
41 99
41 107
41 136
41 364
41 444
41 567
41 621
41 632
41 868
41 895
41 974
41 1246
41 1275
41 1543
41 1558
41 1576
41 1690
41 1859
41 1968
41 2080
41 2141
41 2192
41 2291
41 2487
41 2497
42 46
42 66
42 87
42 89
42 92
42 111
42 118
42 182
42 198
42 200
42 278
42 328
42 335
42 409
42 415
42 436
42 522
42 565
42 587
42 604
42 608
42 700
42 722
42 732
42 820
42 909
42 931
42 992
42 1110
42 1134
42 1204
42 1223
42 1351
42 1637
42 1733
42 1744
42 1766
42 1849
42 1988
42 2002
42 2014
42 2061
42 2100
42 2218
42 2247
42 2740
42 2843
42 2959
43 49
43 65
43 94
43 95
43 127
43 129
43 141
43 152
43 163
43 164
43 165
43 193
43 208
43 235
43 236
43 256
43 266
43 307
43 362
43 396
43 425
43 428
43 442
43 525
43 542
43 573
43 643
43 726
43 764
43 844
43 916
43 982
43 1028
43 1056
43 1064
43 1083
43 1170
43 1194
43 1238
43 1306
43 1315
43 1318
43 1419
43 1422
43 1460
43 1586
43 1601
43 1858
43 1888
43 1981
43 2000
43 2018
43 2247
43 2256
43 2307
43 2525
43 2682
43 2705
43 2724
43 2770
43 2793
43 2812
43 2813
43 2841
43 2915
43 2922
43 2945
43 2968
43 2973
44 45
44 50
44 99
44 104
44 143
44 144
44 162
44 177
44 203
44 241
44 259
44 262
44 286
44 290
44 363
44 446
44 454
44 470
44 495
44 537
44 547
44 574
44 753
44 779
44 791
44 876
44 982
44 1160
44 1204
44 1272
44 1628
44 1665
44 1765
44 1868
44 1978
44 2038
44 2105
44 2136
44 2147
44 2171
45 88
45 118
45 164
45 191
45 214
45 259
45 260
45 279
45 319
45 346
45 458
45 535
45 550
45 626
45 701
45 769
45 1309
45 1450
45 1665
45 1767
45 1780
45 1974
45 2334
45 2499
45 2633
45 2664
45 2868
45 2869
46 56
46 63
46 66
46 150
46 166
46 176
46 227
46 275
46 288
46 289
46 293
46 316
46 338
46 353
46 417
46 474
46 511
46 631
46 635
46 720
46 768
46 806
46 884
46 922
46 980
46 1032
46 1052
46 1129
46 1374
46 1646
46 1741
46 1820
46 2040
46 2043
46 2105
46 2340
46 2357
46 2400
46 2469
46 2754
46 2884
46 2986
47 53
47 113
47 137
47 174
47 202
47 211
47 221
47 264
47 369
47 431
47 459
47 477
47 495
47 580
47 616
47 747
47 780
47 835
47 1005
47 1032
47 1077
47 1147
47 1352
47 1385
47 1440
47 1893
47 1921
47 1940
47 1949
47 2330
47 2918
48 331
48 387
48 502
48 724
48 803
48 891
48 1287
48 1681
48 1857
48 1880
48 1996
48 2198
48 2677
48 2906
48 2985
49 122
49 123
49 153
49 275
49 355
49 360
49 406
49 546
49 570
49 583
49 681
49 717
49 741
49 1131
49 1233
49 1311
49 1463
49 1631
49 1649
49 1727
49 1834
49 2039
49 2112
49 2119
49 2693
49 2824
49 2973
50 61
50 170
50 171
50 190
50 283
50 304
50 306
50 317
50 318
50 372
50 428
50 580
50 592
50 722
50 763
50 827
50 881
50 1142
50 1144
50 1397
50 1672
50 1775
50 2008
50 2117
50 2837
51 60
51 67
51 98
51 106
51 108
51 158
51 320
51 354
51 390
51 404
51 406
51 488
51 513
51 682
51 711
51 907
51 1136
51 1145
51 1231
51 1277
51 1386
51 1416
51 1662
51 1923
51 2173
51 2254
51 2822
52 84
52 135
52 335
52 596
52 656
53 137
53 216
53 423
53 611
53 676
53 1337
53 1853
53 2027
53 2410
53 2437
53 2711
53 2834
54 116
54 117
54 184
54 192
54 259
54 300
54 367
54 385
54 475
54 541
54 554
54 659
54 729
54 817
54 848
54 875
54 888
54 938
54 1031
54 1035
54 1218
54 1335
54 1466
54 1634
54 2073
54 2112
54 2123
54 2134
54 2237
54 2314
54 2518
54 2895
54 2940
54 2993
55 127
55 142
55 823
55 1060
55 1123
55 1982
55 2067
55 2695
56 58
56 67
56 70
56 72
56 80
56 102
56 109
56 130
56 173
56 177
56 178
56 187
56 190
56 193
56 195
56 223
56 230
56 240
56 283
56 301
56 304
56 308
56 309
56 311
56 379
56 401
56 437
56 470
56 489
56 497
56 536
56 558
56 564
56 571
56 586
56 595
56 607
56 657
56 672
56 686
56 708
56 734
56 833
56 875
56 883
56 963
56 964
56 998
56 1032
56 1143
56 1153
56 1202
56 1218
56 1232
56 1235
56 1310
56 1337
56 1370
56 1375
56 1458
56 1459
56 1470
56 1503
56 1540
56 1557
56 1589
56 1644
56 1688
56 1799
56 1815
56 1964
56 1977
56 1987
56 1997
56 2026
56 2028
56 2115
56 2129
56 2183
56 2187
56 2225
56 2227
56 2237
56 2282
56 2290
56 2349
56 2359
56 2403
56 2418
56 2439
56 2473
56 2542
56 2631
56 2661
56 2733
56 2776
56 2908
57 69
57 222
57 683
57 709
57 1114
57 1284
57 1365
57 1649
57 1673
57 2047
58 107
58 136
58 139
58 150
58 162
58 321
58 388
58 460
58 540
58 565
58 646
58 740
58 766
58 877
58 1118
58 1140
58 1178
58 1242
58 1557
58 1640
58 1685
58 1851
58 1853
58 2131
58 2687
58 2711
58 2844
59 68
59 69
59 74
59 77
59 92
59 227
59 260
59 277
59 284
59 373
59 411
59 444
59 454
59 521
59 525
59 656
59 691
59 715
59 726
59 777
59 860
59 862
59 910
59 932
59 965
59 991
59 1027
59 1069
59 1137
59 1142
59 1177
59 1413
59 1460
59 1489
59 1491
59 1517
59 1573
59 1632
59 1712
59 1718
59 1922
59 2085
59 2159
59 2193
59 2390
59 2555
59 2694
59 2714
59 2741
59 2786
59 2855
60 80
60 89
60 131
60 173
60 175
60 193
60 279
60 300
60 426
60 435
60 510
60 537
60 576
60 657
60 693
60 828
60 1175
60 1257
60 1691
60 1733
60 2060
60 2337
60 2345
60 2470
60 2597
60 2642
60 2668
61 87
61 141
61 262
61 554
61 610
61 975
61 1281
61 1286
61 1485
61 1644
61 1651
61 1785
61 2349
61 2939
62 138
62 366
62 872
62 1396
62 1740
62 1965
62 2202
62 2290
62 2293
62 2365
62 2738
63 114
63 220
63 638
63 1234
63 1296
63 1476
63 1796
63 1837
63 2038
63 2338
63 2392
63 2646
63 2745
63 2957
64 88
64 101
64 157
64 251
64 349
64 371
64 380
64 440
64 451
64 465
64 533
64 555
64 775
64 837
64 848
64 941
64 986
64 1208
64 1258
64 1270
64 1279
64 1285
64 1434
64 1439
64 1527
64 1736
64 1778
64 1836
64 1851
64 1876
64 1904
64 1956
64 2107
64 2318
64 2922
65 66
65 79
65 98
65 114
65 134
65 153
65 155
65 157
65 231
65 289
65 294
65 424
65 498
65 570
65 715
65 888
65 938
65 1065
65 1295
65 1487
65 1729
65 1885
65 2052
65 2091
65 2150
65 2258
65 2404
65 2479
65 2514
65 2769
66 69
66 76
66 101
66 123
66 131
66 186
66 232
66 243
66 260
66 269
66 313
66 337
66 382
66 436
66 490
66 504
66 514
66 578
66 584
66 677
66 721
66 754
66 772
66 869
66 905
66 952
66 971
66 1143
66 1222
66 1446
66 1529
66 1571
66 1629
66 1642
66 1858
66 1941
66 1962
66 2007
66 2212
66 2314
66 2415
66 2438
66 2521
66 2580
66 2626
66 2713
66 2719
66 2997
67 110
67 123
67 132
67 176
67 242
67 418
67 419
67 544
67 649
67 665
67 690
67 714
67 853
67 859
67 865
67 990
67 1170
67 1335
67 2460
67 2595
67 2676
67 2746
67 2991
68 100
68 170
68 237
68 239
68 324
68 432
68 440
68 465
68 862
68 1976
68 2297
68 2468
69 151
69 194
69 280
69 291
69 387
69 449
69 463
69 478
69 548
69 1777
69 1807
69 1832
69 1950
69 1954
69 2060
69 2175
69 2271
69 2595
69 2735
69 2877
70 122
70 201
70 617
70 829
70 2498
71 159
71 521
71 687
71 982
71 1141
71 1762
71 2157
71 2735
71 2943
72 93
72 146
72 152
72 299
72 450
72 482
72 623
72 807
72 882
72 996
72 1077
72 1494
72 1544
72 1670
72 1808
72 1887
72 2270
72 2305
72 2454
72 2475
72 2621
72 2774
73 138
73 159
73 180
73 197
73 273
73 469
73 734
73 949
73 1102
73 1140
73 1198
73 1486
73 1535
73 1605
73 1818
73 1974
73 2190
73 2415
73 2492
73 2600
74 140
74 163
74 254
74 297
74 327
74 333
74 395
74 533
74 579
74 816
74 1006
74 1024
74 1416
74 1420
74 1495
74 1507
74 1599
74 1686
74 1828
74 1889
74 1998
74 2063
74 2169
74 2286
74 2312
74 2340
74 2565
74 2737
74 2775
74 2787
75 296
75 378
75 552
75 566
75 673
75 680
75 735
75 744
75 814
75 1018
75 1031
75 1162
75 1350
75 1411
75 1901
75 2302
75 2319
75 2436
75 2635
75 2856
75 2958
76 85
76 115
76 142
76 192
76 321
76 476
76 486
76 793
76 1351
76 1564
76 1726
76 1783
76 1914
76 2848
76 2907
77 91
77 145
77 154
77 263
77 573
77 677
77 929
77 1072
77 1082
77 1147
77 1711
77 1905
77 2048
77 2455
77 2668
77 2870
78 109
78 112
78 205
78 304
78 466
78 840
78 907
78 964
78 1166
78 1217
78 1672
78 1684
78 1859
79 128
79 130
79 149
79 193
79 206
79 212
79 231
79 397
79 456
79 580
79 761
79 837
79 943
79 1223
79 1247
79 1658
79 1902
79 1920
79 2124
79 2181
79 2253
79 2388
79 2495
79 2554
79 2666
79 2699
80 173
80 541
80 620
80 1406
80 1737
80 2974
81 134
81 146
81 170
81 172
81 185
81 188
81 197
81 200
81 241
81 255
81 269
81 361
81 367
81 368
81 489
81 514
81 527
81 629
81 705
81 775
81 794
81 801
81 909
81 1097
81 1146
81 1188
81 1196
81 1285
81 1344
81 1449
81 1452
81 1524
81 1557
81 1615
81 1718
81 1782
81 1831
81 1955
81 1981
81 2001
81 2003
81 2068
81 2078
81 2165
81 2180
81 2199
81 2226
81 2284
81 2285
81 2287
81 2429
81 2480
81 2529
81 2752
81 2801
81 2825
82 87
82 94
82 110
82 210
82 288
82 306
82 689
82 706
82 756
82 1004
82 1070
82 1086
82 1347
82 1583
82 1590
82 1721
82 1768
82 1894
82 2427
82 2841
82 2898
83 104
83 206
83 229
83 518
83 577
83 613
83 909
83 977
83 1402
83 1646
83 1800
83 1976
83 1979
83 2203
83 2303
83 2565
83 2868
83 2899
84 294
84 317
84 423
84 511
84 986
84 1129
84 1276
84 1438
84 1563
84 1657
84 2082
84 2179
84 2248
84 2417
84 2580
84 2769
85 94
85 134
85 148
85 363
85 370
85 622
85 707
85 764
85 851
85 962
85 1011
85 1448
85 1480
85 1586
85 1639
85 1781
85 2047
85 2216
85 2286
86 187
86 1172
86 2152
86 2698
87 201
87 233
87 257
87 369
87 534
87 687
87 762
87 1109
87 1386
87 1708
87 1750
87 1867
87 2180
87 2221
87 2396
87 2978
88 337
88 403
88 2816
89 257
89 282
89 286
89 318
89 490
89 500
89 553
89 558
89 562
89 604
89 679
89 741
89 767
89 771
89 874
89 987
89 1280
89 1345
89 1449
89 1461
89 1547
89 1560
89 1579
89 1667
89 1767
89 1830
89 1888
89 2182
89 2474
89 2509
90 95
90 171
90 217
90 314
90 409
90 451
90 526
90 637
90 663
90 822
90 836
90 1038
90 1395
90 1447
90 1477
90 1482
90 1514
90 1526
90 1722
90 1769
90 1936
90 2379
90 2507
90 2545
90 2654
91 128
91 168
91 218
91 312
91 367
91 436
91 572
91 593
91 885
91 919
91 1290
91 1580
91 1926
91 2070
91 2153
91 2425
91 2784
91 2807
91 2992
92 143
92 179
92 265
92 482
92 1013
92 1077
92 1080
92 2007
92 2435
93 110
93 135
93 168
93 248
93 250
93 259
93 278
93 647
93 809
93 822
93 1148
93 2158
93 2614
93 2978
94 276
94 315
94 365
94 1492
94 1646
94 1960
94 2111
94 2226
95 147
95 154
95 391
95 672
95 684
95 1079
95 1405
95 1442
95 1555
95 1678
95 2480
95 2593
95 2665
95 2692
95 2983
96 295
96 567
96 1104
96 1229
96 1735
96 2655
96 2680
96 2755
96 2964
97 113
97 148
97 169
97 292
97 317
97 375
97 584
97 636
97 782
97 801
97 832
97 901
97 981
97 1013
97 1030
97 1132
97 1160
97 1406
97 1451
97 1565
97 1659
97 1676
97 1679
97 2398
97 2420
97 2429
97 2441
98 152
98 158
98 184
98 217
98 234
98 236
98 251
98 313
98 332
98 402
98 566
98 597
98 853
98 897
98 1018
98 1312
98 1343
98 1481
98 2411
99 112
99 133
99 245
99 250
99 546
99 553
99 576
99 590
99 594
99 763
99 780
99 1001
99 1035
99 1194
99 1423
99 1611
99 1647
99 1649
99 1808
99 1809
99 1824
99 1931
99 1983
99 2105
99 2151
99 2419
100 373
100 1074
100 1754
100 2981
101 135
101 353
101 422
101 532
101 786
101 1425
101 1509
101 1732
101 1909
102 177
102 286
102 430
102 539
102 685
102 747
102 816
102 894
102 993
102 1102
102 1296
102 1700
102 1906
102 2035
102 2946
103 121
103 163
103 225
103 597
103 660
103 1125
103 1261
103 1484
103 1698
103 1773
103 2172
103 2244
103 2503
103 2908
104 134
104 149
104 157
104 232
104 358
104 428
104 463
104 479
104 1046
104 1075
104 1085
104 1268
104 1323
104 1572
104 1762
104 1817
105 175
105 185
105 186
105 200
105 239
105 331
105 378
105 389
105 581
105 680
105 903
105 1026
105 1328
105 1661
105 1789
105 2051
105 2511
105 2723
105 2768
106 184
106 868
106 1209
106 1428
106 2061
107 489
107 774
107 1105
107 1435
107 1678
107 2026
108 111
108 112
108 170
108 173
108 328
108 347
108 384
108 486
108 492
108 493
108 516
108 575
108 697
108 805
108 893
108 997
108 1236
108 1272
108 1393
108 1412
108 1740
108 1746
108 1961
108 2079
108 2117
108 2176
108 2210
108 2228
108 2264
108 2518
108 2885
108 2900
108 2976
109 117
109 125
109 219
109 401
109 417
109 444
109 471
109 575
109 632
109 637
109 1561
109 1680
109 1770
109 1800
109 1826
109 1829
109 1862
109 2057
109 2232
109 2316
109 2376
109 2831
110 118
110 202
110 263
110 270
110 297
110 305
110 354
110 370
110 388
110 401
110 425
110 429
110 519
110 564
110 614
110 862
110 878
110 1044
110 1363
110 1389
110 1713
110 1719
110 1903
110 2162
110 2196
110 2325
110 2502
110 2739
110 2826
110 2924
111 292
111 406
111 754
111 865
111 1125
111 1258
111 1286
111 1379
111 1705
111 2096
111 2155
111 2351
111 2442
111 2489
112 129
112 143
112 192
112 336
112 381
112 504
112 557
112 609
112 634
112 693
112 727
112 1084
112 1122
112 1234
112 1838
112 2098
112 2124
112 2358
112 2989
113 118
113 220
113 261
113 264
113 268
113 300
113 498
113 540
113 795
113 807
113 854
113 1033
113 1185
113 1380
113 1419
113 1601
113 1850
113 1907
113 1909
113 2095
113 2188
113 2279
113 2292
113 2491
113 2616
113 2745
113 2865
114 207
114 234
114 258
114 271
114 288
114 301
114 349
114 475
114 824
114 1015
114 1120
114 1260
114 1336
114 1356
114 1551
114 1584
114 1607
114 1981
114 2335
114 2539
114 2563
114 2715
114 2814
114 2973
115 161
115 189
115 491
115 573
115 795
115 1978
115 2522
115 2664
115 2827
116 260
116 290
116 294
116 328
116 690
116 735
116 970
116 1449
116 1721
116 2158
116 2320
116 2999
117 254
117 365
117 645
117 1304
117 1733
117 2081
117 2639
118 204
118 332
118 345
118 359
118 650
118 677
118 773
118 792
118 819
118 833
118 934
118 1801
118 1887
118 2197
118 2417
118 2484
118 2843
119 174
119 182
119 199
119 230
119 343
119 386
119 609
119 658
119 1859
119 1931
119 2698
119 2720
120 1165
120 2030
120 2521
121 171
121 225
121 230
121 518
121 641
121 805
121 1222
121 1497
121 1655
121 1935
121 1937
121 2281
121 2550
121 2989
122 836
122 1927
122 2120
122 2339
122 2420
122 2627
123 196
123 223
123 229
123 320
123 413
123 676
123 808
123 810
123 814
123 829
123 869
123 875
123 955
123 1264
123 1380
123 1475
123 1667
123 2010
123 2168
123 2170
123 2360
123 2397
123 2804
124 140
124 243
124 274
124 299
124 330
124 615
124 1262
124 1299
124 1467
124 1470
124 1746
124 1894
124 2224
124 2280
124 2395
124 2422
124 2620
125 484
125 550
125 895
125 1825
125 1937
125 2399
125 2906
126 129
126 185
126 247
126 267
126 351
126 360
126 420
126 424
126 458
126 468
126 520
126 640
126 721
126 733
126 816
126 894
126 931
126 1006
126 1064
126 1109
126 1236
126 1302
126 1332
126 1431
126 1625
126 1723
126 1789
126 1833
126 2504
126 2518
126 2662
127 183
127 303
127 559
127 648
127 749
127 1751
127 2561
127 2768
127 2814
127 2888
127 2920
128 171
128 205
128 213
128 267
128 268
128 312
128 313
128 377
128 393
128 503
128 509
128 572
128 806
128 843
128 907
128 1188
128 1289
128 1342
128 1344
128 1429
128 1516
128 2001
128 2161
128 2508
129 264
129 473
129 1970
129 2447
129 2788
129 2904
130 237
130 252
130 1150
130 1492
130 1683
130 1929
131 156
131 160
131 957
131 1680
131 1833
131 2862
132 169
132 189
132 190
132 226
132 252
132 258
132 261
132 269
132 271
132 296
132 367
132 480
132 525
132 555
132 666
132 693
132 896
132 900
132 1018
132 1142
132 1245
132 1401
132 1587
132 1644
132 1707
132 1734
132 1805
132 2083
132 2088
132 2225
132 2700
132 2704
132 2789
132 2923
133 185
133 194
133 195
133 228
133 268
133 330
133 410
133 455
133 492
133 494
133 635
133 753
133 791
133 892
133 953
133 961
133 999
133 1153
133 1160
133 1218
133 2341
133 2696
134 145
134 181
134 317
134 348
134 808
134 881
134 900
134 1038
134 1075
134 2119
134 2382
134 2530
134 2725
134 2887
135 136
135 142
135 275
135 287
135 308
135 319
135 427
135 454
135 612
135 729
135 856
135 869
135 923
135 999
135 1062
135 1101
135 1135
135 1199
135 1239
135 1310
135 1457
135 1462
135 1553
135 1841
135 1933
135 2174
135 2413
135 2685
135 2828
136 229
136 255
136 544
136 656
136 968
136 1009
136 1212
136 1276
136 1299
136 1608
136 1867
136 1871
136 1945
136 2370
136 2820
137 139
137 153
137 159
137 162
137 207
137 245
137 279
137 514
137 588
137 591
137 917
137 946
137 973
137 1008
137 1025
137 1030
137 1058
137 1362
137 1591
137 1779
137 1813
137 1939
137 2251
137 2448
137 2496
137 2659
137 2717
137 2862
137 2969
137 2986
138 581
138 2471
139 180
139 333
139 340
139 484
139 640
139 1324
139 1369
139 1388
139 1633
139 1702
139 1978
139 2170
139 2387
139 2624
139 2808
140 145
140 178
140 191
140 198
140 236
140 301
140 357
140 458
140 477
140 490
140 501
140 659
140 687
140 709
140 772
140 835
140 902
140 947
140 1061
140 1150
140 1190
140 1224
140 1297
140 1439
140 1569
140 2108
140 2138
140 2207
140 2214
140 2353
140 2628
140 2839
140 2986
141 180
141 248
141 383
141 465
141 496
141 510
141 833
141 1072
141 1078
141 1437
141 2299
142 178
142 305
142 311
142 351
142 538
142 602
142 631
142 790
142 855
142 921
142 1641
142 1730
142 1736
142 1747
142 1770
142 1827
142 1851
142 2200
142 2227
142 2461
143 253
143 333
143 334
143 370
143 382
143 453
143 588
143 617
143 629
143 673
143 860
143 866
143 943
143 994
143 1016
143 1090
143 1202
143 1221
143 1289
143 1356
143 1862
143 1897
143 2724
144 256
144 610
144 678
144 912
144 967
144 986
144 1049
144 1065
144 1201
144 1279
144 1355
144 1763
144 2043
144 2623
145 149
145 154
145 252
145 253
145 477
145 788
145 921
145 1209
145 1505
145 1606
145 1638
145 1710
145 1818
145 1836
145 1866
145 2081
145 2278
145 2377
145 2501
145 2759
145 2972
146 388
146 567
146 1263
146 1431
146 1683
146 2710
146 2931
147 161
147 228
147 456
147 485
147 557
147 694
147 699
147 910
147 1090
147 1333
147 1444
147 1525
147 1552
147 1659
147 1740
147 2072
147 2666
147 2798
148 150
148 198
148 385
148 465
148 655
148 901
148 1095
148 1333
148 2331
148 2412
149 263
149 281
149 758
149 1003
149 1008
149 1558
149 1960
149 2584
150 166
150 308
150 447
150 513
150 1326
150 1340
150 1795
150 1940
150 2216
150 2538
151 154
151 261
151 324
151 368
151 384
151 419
151 429
151 624
151 662
151 728
151 756
151 906
151 1320
151 1397
151 1545
151 1596
151 1617
151 1728
151 1765
151 2816
152 256
152 531
152 598
152 601
152 692
152 904
152 1720
152 2099
152 2402
153 411
153 589
153 630
153 940
153 1180
153 1196
153 1794
153 1840
153 2433
153 2450
154 792
154 2160
154 2535
155 460
155 476
155 569
155 574
155 582
155 591
155 826
155 1046
155 1079
155 1212
155 1346
155 1394
155 1632
155 1734
155 1940
155 2062
155 2177
155 2375
155 2599
155 2690
155 2823
156 233
156 257
156 387
156 441
156 572
156 665
156 944
156 1010
156 1211
156 1468
156 1670
156 1800
156 2415
156 2430
156 2446
156 2590
156 2804
156 2859
156 2946
157 399
157 413
157 539
157 851
157 1927
157 2122
158 209
158 226
158 428
158 442
158 666
158 963
158 1244
158 1827
158 1973
158 2099
158 2561
158 2618
158 2667
158 2830
159 208
159 438
159 463
159 1138
159 1191
159 1346
159 1354
159 1405
159 1801
159 1845
159 2013
159 2072
159 2149
160 271
160 605
160 821
160 867
160 903
160 956
160 1245
160 1571
160 1753
160 2006
160 2202
160 2473
160 2542
160 2884
161 204
161 224
161 234
161 509
161 964
161 1338
161 1776
161 1951
162 165
162 235
162 776
162 1096
162 1623
162 1720
162 1877
162 1923
163 272
163 603
163 837
163 908
163 923
163 1114
163 1151
163 1216
163 1472
163 1575
163 1656
163 2119
163 2650
163 2851
164 227
164 294
164 448
164 608
164 694
164 1191
164 1203
164 1881
165 212
165 1233
165 2614
166 443
166 520
166 1109
166 1758
166 2846
166 2944
167 179
167 208
167 263
167 478
167 650
167 979
167 1432
167 2099
168 261
168 479
168 1094
168 1594
168 2897
169 373
169 434
169 438
169 567
169 1213
169 1237
169 1970
169 2035
169 2733
169 2905
169 2933
169 2990
170 207
170 337
170 361
170 408
170 462
170 481
170 670
170 743
170 746
170 950
170 1020
170 1052
170 1060
170 1313
170 1954
170 2104
170 2577
170 2799
171 199
171 315
171 412
171 719
171 802
171 1087
171 1229
171 2041
171 2434
171 2610
171 2679
171 2846
171 2959
172 179
172 188
172 195
172 219
172 222
172 311
172 354
172 445
172 482
172 483
172 586
172 761
172 1036
172 1167
172 1406
172 1921
172 2329
172 2500
173 213
173 485
173 612
173 666
173 723
173 945
173 948
173 997
173 1316
173 1650
173 1840
173 2332
173 2458
173 2513
173 2939
174 1045
174 1873
174 2641
175 302
175 355
175 402
175 495
175 659
175 666
175 766
175 1033
175 1064
175 1195
175 1227
175 2135
175 2988
176 250
176 361
176 760
176 1181
176 1231
176 1500
176 1749
176 2134
176 2936
176 2980
177 269
177 468
177 761
177 1153
177 1675
178 224
178 251
178 940
178 1264
178 1784
178 2118
178 2153
179 308
179 468
179 592
179 845
179 955
179 1026
179 1116
179 1857
179 2119
179 2406
179 2411
179 2516
179 2552
179 2567
179 2976
180 352
180 767
180 1118
180 1203
180 1731
180 1930
180 1990
180 2203
180 2297
180 2816
180 2872
181 197
181 296
181 320
181 1365
181 1918
181 1986
181 2172
182 423
182 630
182 653
182 788
182 951
182 2014
182 2203
182 2300
182 2562
182 2694
182 2977
183 383
183 817
183 861
183 1499
183 1910
183 2484
184 397
184 400
184 688
184 695
184 1099
184 1120
184 1129
184 1305
184 1329
184 2217
184 2365
184 2904
185 296
185 480
185 520
185 538
185 563
185 720
185 815
185 914
185 946
185 1204
185 1300
185 1643
185 2529
185 2884
186 227
186 256
186 272
186 536
186 607
186 1285
186 1313
186 1583
186 1613
186 1787
186 2863
187 334
187 499
187 597
187 692
187 718
187 976
187 1079
187 1182
187 1364
187 1630
187 1898
187 2282
187 2537
188 244
188 247
188 380
188 399
188 407
188 689
188 816
188 926
188 1200
188 1359
188 1498
188 1885
188 1894
188 1918
188 1972
188 2033
188 2773
188 2981
189 247
189 276
189 303
189 304
189 324
189 391
189 491
189 978
189 1091
189 1279
189 1883
189 2457
189 2594
190 301
190 438
190 461
190 481
190 486
190 547
190 574
190 664
190 736
190 925
190 959
190 1253
190 1327
190 1331
190 1568
190 1759
190 1870
190 2118
190 2141
190 2630
191 218
191 322
191 393
191 484
191 554
191 559
191 634
191 644
191 743
191 896
191 1101
191 1387
191 1837
191 1842
191 2288
191 2536
191 2803
192 364
192 619
192 649
192 688
192 744
192 1197
192 1425
192 1521
192 1551
192 1605
192 1753
192 1771
192 2058
192 2572
192 2602
192 2675
192 2740
192 2982
193 228
193 268
193 1273
193 2233
193 2347
194 211
194 215
194 325
194 506
194 577
194 601
194 646
194 1254
194 1591
194 1713
194 1830
194 2171
194 2175
194 2186
194 2300
194 2381
195 241
195 265
195 342
195 504
195 559
195 644
195 665
195 768
195 1247
195 1767
195 1854
195 1901
195 1911
195 2307
195 2740
195 2777
195 2889
196 340
196 375
196 448
196 464
196 549
196 954
196 1147
196 1221
196 1378
196 1890
196 2051
196 2196
196 2199
196 2523
196 2674
196 2742
196 2969
197 215
197 340
197 366
197 776
197 983
197 1095
197 1292
197 1337
197 1488
197 2129
197 2230
197 2329
197 2404
197 2430
198 240
198 244
198 392
198 545
198 569
198 633
198 675
198 690
198 1003
198 1156
198 1208
198 1336
198 1485
198 1520
198 1680
198 1728
198 1801
198 2207
198 2291
198 2319
199 216
199 218
199 362
199 916
199 1007
199 1181
199 1238
199 1280
199 1566
199 1745
199 1748
199 1891
199 2555
199 2722
199 2869
199 2931
200 399
200 698
200 879
200 918
200 1199
200 1467
200 2331
200 2963
201 230
201 244
201 600
201 775
201 793
201 848
201 1500
201 1811
201 2610
201 2881
202 241
202 282
202 551
202 593
202 696
202 2328
202 2747
203 221
203 322
203 356
203 374
203 863
203 1220
203 1291
203 1298
203 1300
203 1493
203 2617
203 2902
204 238
204 636
204 716
204 958
204 1130
204 1248
204 1426
204 2051
204 2158
205 321
205 418
205 1845
205 2271
205 2535
205 2947
206 329
206 349
206 402
206 426
206 515
206 528
206 544
206 586
206 623
206 627
206 660
206 723
206 846
206 1089
206 1134
206 1256
206 1362
206 1732
206 1754
206 1760
206 1848
206 2031
206 2258
206 2712
206 2724
207 266
207 328
207 349
207 485
207 671
207 874
207 1050
207 1062
207 1149
207 1272
207 1397
207 1550
207 1967
207 2221
207 2505
207 2667
207 2687
207 2750
207 2824
208 2573
209 603
209 677
209 724
209 762
209 947
209 1593
209 1696
209 2246
209 2342
209 2519
210 217
210 225
210 255
210 311
210 412
210 444
210 568
210 569
210 600
210 673
210 860
210 893
210 1072
210 1101
210 1225
210 1295
210 1318
210 1383
210 1440
210 1806
210 1894
210 2785
211 287
211 681
211 782
211 788
211 1131
211 1348
211 2075
211 2719
211 2751
211 2952
211 2972
212 314
212 714
212 725
212 2500
213 233
213 303
213 445
213 1000
213 1240
213 1363
213 1584
213 2466
213 2611
213 2705
213 2732
214 1709
214 2555
215 224
215 238
215 280
215 338
215 365
215 564
215 619
215 627
215 781
215 914
215 1222
215 1329
215 1419
215 1485
215 1530
215 1818
215 2017
215 2275
215 2420
215 2591
215 2661
215 2755
215 2840
215 2937
216 238
216 267
216 611
216 626
216 1116
216 1219
216 1311
216 1602
216 2031
216 2273
216 2438
216 2962
217 703
217 750
217 984
217 1133
217 1543
217 1742
217 2367
217 2681
217 2995
218 287
218 470
218 606
218 646
218 655
218 668
218 692
218 731
218 1326
218 1401
218 1475
218 2008
218 2718
219 713
219 750
219 2627
220 453
220 457
220 655
220 836
220 838
220 1095
220 1375
221 920
221 1172
221 1572
221 2541
222 320
222 532
222 579
222 622
222 942
222 951
222 1349
223 616
223 1223
223 1267
223 1353
223 1420
223 2063
223 2309
223 2646
223 2849
224 345
224 418
224 533
224 671
224 742
224 771
224 819
224 828
224 997
224 1404
224 1647
224 1682
224 1693
224 1893
224 2407
224 2533
224 2704
224 2944
225 285
225 1437
225 2378
226 243
226 334
226 480
226 516
226 614
226 885
226 916
226 921
226 935
226 1339
226 1341
226 1345
226 1461
226 1564
226 1764
226 2240
226 2310
226 2416
226 2452
226 2577
226 2839
226 2851
227 298
227 423
227 472
227 846
227 1154
227 1230
227 1523
227 2189
227 2669
227 2721
228 316
228 671
228 1099
228 1314
228 1623
228 1881
228 1993
228 2307
228 2391
228 2402
229 518
229 638
229 746
229 763
229 801
229 815
229 823
229 914
229 1108
229 1320
229 1567
229 1766
229 2220
229 2265
229 2435
229 2628
229 2700
229 2723
229 2727
229 2912
230 295
230 462
230 538
230 579
230 588
230 654
230 689
230 730
230 1049
230 1073
230 1124
230 1372
230 1460
230 1511
230 1585
230 1869
230 2479
230 2585
230 2896
231 710
232 251
232 295
232 404
232 678
232 929
232 1174
232 2029
232 2547
233 283
233 329
233 369
233 1114
233 1628
233 1659
233 1690
233 1874
233 2126
233 2162
233 2288
233 2293
233 2311
233 2437
233 2909
234 274
234 701
234 890
234 1436
234 1854
234 2193
234 2321
234 2398
234 2579
234 2781
234 2796
235 487
235 493
235 916
235 1022
235 1267
235 1810
236 682
236 705
236 887
236 1038
236 1047
236 1283
236 1482
236 1880
236 2006
236 2266
236 2445
236 2668
236 2812
237 453
237 527
237 599
237 1076
237 1402
237 1711
237 1998
237 2136
237 2474
237 2737
237 2856
237 2901
237 2945
238 1931
238 2533
239 341
239 519
239 586
239 765
239 846
239 1269
239 1315
239 1339
239 1509
239 1653
239 1887
239 1964
239 2067
239 2358
239 2579
239 2702
239 2932
240 284
240 462
240 553
240 989
240 1159
240 1210
240 1497
240 1602
240 1928
240 2017
240 2150
240 2517
240 2833
240 2991
241 272
241 281
241 282
241 376
241 401
241 403
241 509
241 561
241 603
241 662
241 786
241 818
241 820
241 833
241 936
241 962
241 974
241 1025
241 1044
241 1088
241 1126
241 1152
241 1164
241 1185
241 1197
241 1215
241 1265
241 1521
241 1626
241 1683
241 1712
241 1847
241 1865
241 2096
241 2144
241 2246
241 2286
241 2338
241 2828
241 2927
242 785
242 841
242 1803
242 1906
243 334
243 501
243 616
243 654
243 700
243 737
243 751
243 822
243 890
243 1019
243 1096
243 1442
243 1601
243 1944
243 2267
243 2877
244 530
244 657
244 945
244 1029
244 1034
244 1091
244 1275
244 1407
244 1917
244 2600
244 2756
244 2975
245 612
245 663
245 685
245 892
245 1001
245 1202
245 1205
245 1730
245 1982
245 2919
246 443
246 481
246 501
246 1115
246 2246
247 595
247 651
247 1041
247 1544
247 1785
247 1866
247 1957
247 1999
247 2339
247 2398
248 335
248 697
248 870
248 1474
248 1546
248 1749
249 1170
249 1311
249 1596
249 1699
249 2077
249 2664
249 2764
250 309
250 384
250 573
250 745
250 848
250 933
250 971
250 980
250 999
250 1005
250 1114
250 1527
250 1564
250 2007
250 2013
251 254
251 298
251 405
251 420
251 454
251 500
251 639
251 1403
251 1911
251 2261
251 2836
252 282
252 321
252 448
252 517
252 643
252 1040
252 1042
252 1048
252 1128
252 1219
252 1547
252 1597
252 1735
252 1840
252 2485
252 2534
252 2872
253 842
253 1292
253 1351
253 1404
253 1772
254 517
254 661
254 1103
254 1854
254 2235
254 2299
254 2633
254 2713
255 329
255 578
255 1121
255 1328
255 1890
255 2172
255 2333
256 450
256 492
256 500
256 532
256 1175
256 1534
256 1539
256 2044
256 2176
256 2243
256 2340
256 2507
257 419
257 433
257 529
257 733
257 987
257 1153
257 1280
257 1417
257 1558
257 1660
257 1865
257 1963
257 2016
257 2519
257 2559
258 274
258 397
258 835
258 861
258 965
258 1155
258 1263
258 1788
258 2367
258 2755
259 494
259 505
259 528
259 577
259 720
259 1048
259 1080
259 1094
259 1177
259 1353
259 1946
259 2416
259 2444
260 267
260 323
260 466
260 565
260 593
260 598
260 679
260 752
260 826
260 855
260 857
260 1455
260 1674
260 1714
260 2042
260 2098
260 2111
260 2147
260 2311
260 2338
260 2466
261 292
261 799
261 2187
262 1090
262 1603
262 1654
262 1897
262 2082
262 2798
263 339
263 398
263 435
263 477
263 864
263 920
263 1054
263 1056
263 2749
264 763
264 1501
264 1524
264 2073
264 2210
264 2774
264 2858
264 2880
265 285
265 1137
265 1303
265 2929
266 290
266 352
266 429
266 460
266 468
266 475
266 551
266 590
266 676
266 713
266 751
266 805
266 1081
266 1186
266 1290
266 1361
266 1595
266 2235
266 2306
266 2312
266 2343
266 2400
267 508
267 943
267 1184
267 1655
267 1829
267 2461
267 2627
267 2736
268 322
268 618
268 648
268 892
268 1359
268 2424
269 331
269 574
269 609
269 2194
269 2403
269 2476
269 2482
269 2614
270 563
270 583
270 781
270 891
270 1022
270 1060
270 1477
270 1489
270 1813
270 1915
270 2129
270 2499
270 2576
271 978
271 1456
271 2100
271 2223
271 2861
272 325
272 459
272 624
272 662
272 944
272 1011
272 1469
272 1914
272 1988
272 2021
272 2113
272 2114
272 2228
272 2272
272 2367
273 377
273 404
273 902
273 918
273 1002
273 1325
273 1347
273 1491
273 1847
274 559
274 1471
274 2166
274 2368
274 2637
274 2914
275 786
275 1860
275 2083
276 817
276 1262
276 1837
276 2397
276 2471
276 2614
276 2763
277 642
277 664
277 872
277 927
277 1214
277 1373
277 1925
277 2192
277 2255
277 2456
277 2894
278 363
278 519
278 803
278 804
278 1307
278 1463
278 2175
278 2390
278 2470
278 2516
278 2548
278 2915
278 2953
278 2966
279 394
279 433
279 798
279 1294
279 1313
279 1333
279 1355
279 1546
279 1569
279 1675
279 2387
279 2414
279 2692
280 451
280 527
280 585
280 619
280 663
280 1001
280 1803
280 2211
280 2309
280 2511
280 2606
280 2640
280 2751
281 378
281 391
281 392
281 522
281 935
281 1493
281 1609
281 1877
281 2009
281 2087
281 2197
281 2378
281 2590
281 2771
282 371
282 731
282 1787
282 1802
282 1863
282 1952
282 2641
283 347
283 511
283 884
283 940
283 1112
283 1301
283 2427
283 2495
283 2785
284 299
284 371
284 1131
285 461
285 475
285 737
285 757
285 764
285 829
285 838
285 969
285 1243
285 1266
285 1278
285 1299
285 1306
285 1594
285 1772
285 1815
285 1824
285 1878
285 1884
285 1963
285 1977
285 2192
285 2478
285 2942
286 400
286 672
286 749
286 932
286 1141
286 1213
286 1383
286 1556
286 1588
286 1704
286 1826
286 2283
286 2304
286 2657
287 306
287 392
287 409
287 498
287 499
287 530
287 760
287 968
287 1042
287 1243
287 1381
287 1408
287 1642
287 1728
287 1770
287 2155
287 2191
287 2439
287 2860
288 1020
288 1418
288 1697
288 2045
288 2365
288 2398
288 2775
289 471
289 931
289 1139
289 1392
290 314
290 463
290 557
290 648
290 915
290 1014
290 1261
290 1400
290 1417
290 1513
290 2385
290 2433
291 435
291 664
291 807
291 932
291 1085
291 1415
291 1679
291 2327
292 395
292 450
292 824
292 1588
292 1618
292 1685
292 2203
293 342
293 535
293 1402
293 1501
293 1555
293 1661
293 1912
293 2200
293 2393
293 2744
293 2881
294 827
294 1338
294 1846
294 2270
294 2655
295 315
295 341
295 416
295 549
295 615
295 957
295 1204
295 1217
295 1258
295 1640
295 2094
295 2281
295 2748
295 2757
295 2838
296 2839
297 357
297 461
297 561
297 1744
297 2699
298 341
298 352
298 462
298 652
298 840
298 1110
298 1149
298 1196
298 1199
298 1220
298 1405
298 1483
298 1697
298 1968
298 2093
298 2613
298 2651
298 2726
298 2808
299 323
299 366
299 398
299 416
299 565
299 716
299 895
299 1598
299 2052
299 2306
299 2318
299 2573
299 2634
299 2760
300 347
300 508
300 514
300 776
300 1546
300 2411
300 2446
300 2546
301 1332
301 1394
301 2401
302 359
302 380
302 453
302 737
302 2625
303 483
303 856
304 555
304 1205
304 1522
304 1895
304 1900
305 422
305 507
305 751
305 789
305 873
305 883
305 953
305 1033
305 1064
305 1347
305 1402
305 1786
305 1995
305 1996
305 2140
305 2465
305 2650
306 360
306 521
306 807
306 819
307 469
307 605
307 1524
307 1840
308 373
308 636
308 697
308 726
308 954
308 1173
308 1356
308 1489
308 2453
308 2866
308 2872
309 504
309 1117
309 1128
309 1582
309 1836
309 2845
310 327
310 430
310 622
310 813
310 1357
310 1495
310 1860
310 2081
310 2272
310 2326
310 2807
310 2903
310 2936
310 2942
311 343
311 632
311 703
311 936
311 1127
311 1158
311 1475
311 1481
311 1728
311 1790
311 2003
312 350
312 381
312 418
312 602
312 840
312 1205
312 1439
312 1705
312 1925
312 2176
313 474
313 536
313 540
313 985
313 1059
313 1176
313 1227
314 449
314 452
314 532
314 539
314 1286
314 1318
314 1323
314 1343
314 2108
314 2143
314 2987
315 405
315 412
315 810
315 1002
315 1041
315 1113
315 1505
315 2321
315 2476
316 374
316 389
316 471
316 588
316 669
316 1011
316 1395
316 1406
316 1515
316 1872
316 2013
316 2602
316 2716
316 2729
316 2988
317 430
317 886
317 945
317 1106
317 2753
317 2801
318 642
318 712
318 814
318 854
318 960
318 1252
318 1465
318 2580
319 326
319 351
319 355
319 386
319 409
319 422
319 435
319 448
319 506
319 538
319 552
319 921
319 985
319 989
319 1002
319 1055
319 1140
319 1219
319 1359
319 1376
319 1459
319 1582
319 1658
319 1964
319 1966
319 2025
319 2054
319 2206
319 2330
319 2707
320 414
320 415
320 968
320 1110
320 1275
320 1431
320 1506
320 1795
320 2093
320 2452
320 2506
320 2820
321 2690
321 2741
321 2970
322 358
322 471
322 772
322 865
322 1562
322 1570
322 2034
322 2303
322 2734
322 2764
323 876
323 1737
323 1936
323 2010
323 2836
324 348
324 524
324 596
324 917
324 1189
324 1293
324 1357
324 2171
324 2359
324 2418
324 2697
324 2762
325 628
325 682
325 939
325 1856
325 1984
325 2624
325 2956
326 779
326 1073
326 1593
326 2686
327 709
327 712
327 1097
327 1475
327 1493
327 1682
327 1959
327 2223
327 2411
327 2417
327 2591
328 808
328 886
328 1058
328 1181
328 1322
328 1706
328 1851
328 2612
329 366
329 674
329 2251
330 333
330 381
330 531
330 556
330 606
330 878
330 1116
330 1321
330 1512
330 1990
330 2312
330 2710
330 2784
331 452
331 1484
331 1521
331 1591
331 2685
332 385
332 1245
332 1479
333 346
333 445
333 636
333 658
333 661
333 1173
333 1254
333 1335
333 1789
333 1941
333 2274
333 2601
333 2918
334 344
334 467
334 1456
334 1599
335 777
335 1550
335 1709
335 1804
335 1830
335 1945
336 421
336 424
336 1074
336 1382
336 1535
336 1537
336 1664
336 2378
336 2591
337 497
337 615
337 678
337 1041
337 1496
337 1550
337 1729
337 1893
337 2065
338 531
338 768
338 785
338 797
338 1532
338 1578
338 2109
338 2534
339 625
339 1122
339 2161
340 343
340 415
340 889
340 957
340 1009
340 1300
340 1799
340 2176
340 2972
341 668
341 2124
341 2716
342 437
342 466
342 490
342 651
342 1055
342 1594
342 1798
342 2053
342 2574
342 2860
342 2951
342 2964
343 562
343 2444
343 2871
344 380
344 390
344 408
344 509
344 769
344 899
344 911
344 924
344 1067
344 1423
344 1545
344 1635
344 1666
344 1681
344 1972
344 2475
344 2722
344 2783
345 405
345 739
345 1062
345 1102
345 1234
345 1451
345 2043
345 2084
346 494
346 1132
346 2184
346 2255
347 571
347 1657
347 2384
347 2731
347 2796
347 2800
348 416
348 830
348 831
348 987
348 1070
348 1145
348 1351
348 1964
349 1449
349 1496
349 1513
349 2324
350 711
350 989
350 1658
350 1706
350 2902
350 2961
351 932
351 2447
351 2477
351 2683
352 858
352 2506
352 2660
353 398
353 414
353 472
353 1208
353 2597
354 582
354 744
354 949
354 1169
354 1453
354 1551
354 2160
354 2421
354 2935
355 382
355 395
355 542
355 598
355 946
355 1283
355 1654
355 1834
355 2478
355 2582
355 2629
355 2650
355 2665
355 2773
355 2925
356 442
356 629
356 708
356 725
356 823
356 1104
356 1147
356 1378
356 1950
356 2924
357 1424
357 1776
357 1825
357 2748
358 500
358 977
358 1137
358 1155
358 1349
358 1573
358 1991
358 2069
358 2162
358 2542
358 2552
359 1098
359 1919
359 2954
360 626
360 1084
360 1403
360 2066
360 2565
360 2631
361 1048
361 1323
361 1794
361 2757
362 591
362 679
362 965
362 971
362 1273
362 1702
362 2053
363 377
363 501
363 516
363 1024
364 374
364 393
364 394
364 411
364 731
364 913
364 1668
364 1705
364 1782
364 2110
364 2198
364 2255
365 385
365 547
365 648
365 769
365 1007
365 1273
365 1335
365 1656
365 1853
365 2349
365 2418
366 605
366 631
366 847
366 981
366 1214
366 1313
366 1618
366 2440
366 2736
367 1627
367 2566
368 975
368 1172
368 1231
369 437
369 497
369 1520
369 1928
369 2286
369 2421
369 2424
369 2468
370 461
370 486
370 526
370 696
370 811
370 1021
370 1228
370 1255
370 1292
370 1629
370 2178
370 2875
371 434
371 753
371 1026
371 1256
371 1734
371 1788
371 1880
371 1892
371 2004
371 2425
371 2456
371 2965
372 421
372 945
372 1213
372 1230
372 1466
372 1516
372 1995
372 2955
373 512
373 650
373 2160
373 2167
373 2532
374 410
374 431
374 505
374 517
374 769
374 975
374 1583
374 1603
374 2381
374 2391
374 2465
375 503
375 563
375 739
375 747
375 790
375 956
375 984
375 1115
375 1132
375 1268
375 1395
375 2068
375 2520
376 982
376 1088
376 1532
376 1853
376 2219
376 2404
376 2583
377 642
377 820
377 867
377 954
377 2629
378 613
378 878
378 972
378 1012
378 1042
378 1235
378 1421
378 1612
378 1761
378 1864
378 2407
378 2864
379 773
379 1778
379 2370
379 2922
380 483
380 601
380 668
380 738
380 832
380 913
380 2186
381 400
381 447
381 449
381 493
381 583
381 702
381 919
381 947
381 1078
381 1107
381 1108
381 1412
381 1455
381 1954
381 2369
381 2794
381 2895
382 758
383 832
383 919
383 1510
383 1668
383 1706
383 1934
383 2080
383 2174
383 2265
383 2385
383 2503
384 426
384 702
384 1348
384 1398
384 1896
384 2202
385 585
385 1730
385 2116
386 1635
386 1749
386 2355
387 541
387 652
387 1084
387 1381
387 1534
387 1653
387 2065
387 2332
387 2854
388 577
388 639
388 700
388 722
388 754
388 797
388 1107
388 1553
388 2099
388 2292
388 2472
388 2514
388 2594
389 624
389 2372
390 492
390 561
390 646
390 961
390 1743
390 1771
390 2154
390 2887
391 487
391 581
391 625
391 900
391 1130
391 1358
391 1424
391 1443
391 1715
391 1922
391 2611
391 2657
391 2853
391 2869
392 553
392 625
392 1092
392 1793
392 2255
392 2577
393 728
393 1424
393 1666
394 485
394 729
394 825
394 1011
394 1047
394 1082
394 1152
394 1392
394 1971
394 1984
394 2023
394 2109
394 2490
394 2599
394 2687
394 2812
395 407
395 943
395 1057
395 1534
395 1994
395 2776
396 1019
396 2004
396 2049
397 1274
398 593
398 750
398 809
398 1036
398 1098
398 1267
398 1414
398 1536
398 1581
398 1653
398 1852
398 1930
398 2055
398 2222
398 2283
398 2715
399 443
399 569
399 667
399 847
399 938
399 995
399 1677
399 1742
399 1882
399 1995
399 2933
400 2209
401 1241
401 1485
401 2354
401 2654
401 2781
402 427
402 473
402 535
402 555
402 780
402 1056
402 1180
402 1259
402 1552
402 2917
403 440
403 512
403 599
403 613
403 742
403 917
403 1051
403 1913
403 2728
403 2978
404 772
404 2725
405 768
405 1290
405 1699
405 1829
405 2030
405 2179
405 2746
405 2766
406 1152
406 1992
406 2198
406 2375
406 2467
407 1943
407 2970
408 698
408 2369
410 449
410 652
410 716
410 770
410 811
410 924
410 1108
410 1184
410 1191
410 1478
410 1910
410 2012
410 2291
411 566
411 759
411 975
411 1478
411 2527
412 543
412 572
412 955
412 1306
412 1366
412 1768
412 1781
412 2194
412 2304
412 2322
412 2528
412 2562
412 2580
413 496
413 633
413 672
413 885
413 1156
413 1181
413 1324
413 1645
413 1670
413 1683
413 1864
413 2739
413 2793
413 2881
414 735
414 1166
415 777
415 1415
415 1958
416 1039
416 1049
416 1396
416 1729
417 536
417 589
417 747
417 1038
417 1119
417 1195
417 1332
417 1373
417 1434
417 1592
417 1752
417 1757
417 2317
418 472
418 741
418 1014
418 1427
418 1955
418 2611
419 426
419 476
419 525
419 616
419 858
419 859
419 992
419 1039
419 1055
419 1062
419 1638
419 2205
419 2949
420 722
420 1786
420 2256
420 2524
421 985
422 841
422 901
422 906
422 1004
422 1655
423 637
423 705
423 976
423 1384
424 1071
424 1727
425 488
425 641
425 973
425 1212
425 1366
425 1616
425 1822
425 1994
425 2009
425 2267
425 2515
425 2598
426 584
426 627
426 732
426 739
426 905
426 1592
426 1994
426 2525
427 721
427 1060
427 1103
427 1559
427 1591
427 2400
427 2642
428 733
428 1948
429 870
429 950
429 1468
429 1551
429 2008
429 2281
429 2305
429 2665
430 911
430 1425
430 2030
430 2574
430 2739
431 628
431 668
431 1252
431 1437
431 1502
431 1614
431 2288
431 2718
431 2762
431 2956
431 2997
432 647
432 724
432 1036
432 1527
432 2011
432 2118
432 2584
433 496
433 821
433 912
433 2622
433 2752
434 602
434 651
434 1025
434 1411
434 1796
434 2792
434 2851
435 1045
435 1288
435 1528
435 1564
435 1809
435 2033
435 2424
435 2954
436 570
436 1121
436 1403
436 1618
437 935
437 1167
437 1757
437 2362
437 2694
438 817
438 1157
438 1361
438 1586
438 1593
438 1883
438 2208
438 2625
438 2888
439 480
439 575
439 958
439 1417
439 1589
439 1846
439 1912
439 2201
439 2276
439 2618
439 2889
440 442
440 534
440 797
440 1232
440 1941
441 507
441 524
441 614
441 732
441 830
441 1017
441 1133
441 2535
441 2556
441 2651
441 2923
442 546
442 774
442 862
442 1674
442 1867
442 2891
443 645
443 1872
443 1899
443 2007
443 2800
444 2888
445 535
445 660
445 702
445 785
445 869
445 1798
445 2607
446 570
446 582
446 781
446 851
446 1055
446 1391
446 1875
446 1969
446 2371
447 576
449 818
449 969
449 2333
449 2560
450 549
450 887
450 1053
450 1616
450 1622
450 1677
450 1686
450 2508
451 469
451 673
451 890
452 664
452 1123
452 1159
452 1542
452 1692
452 2068
452 2302
452 2556
453 528
453 578
453 683
453 757
453 1211
453 1360
453 1471
453 2405
453 2420
453 2712
454 1260
454 2312
455 611
455 962
455 998
455 1305
455 1388
455 1400
455 1537
455 1705
455 1879
455 2019
455 2759
456 545
456 547
456 876
456 1456
456 1538
456 2975
457 523
457 1639
457 2221
457 2309
457 2368
459 507
459 530
459 606
459 1009
459 1130
459 1193
459 1260
459 1634
459 1755
459 2385
460 614
460 922
460 1239
460 1388
461 558
461 696
461 1065
461 1759
461 2698
462 505
462 596
462 1015
462 1304
462 2143
463 528
463 587
463 1743
463 2192
463 2701
464 1602
464 1819
464 1933
464 2583
464 2669
465 852
465 1330
465 1512
465 2012
465 2034
465 2733
466 473
466 557
466 898
466 1112
466 1175
466 1197
466 1775
466 1948
466 2066
466 2332
466 2388
466 2893
467 894
468 1644
468 2459
468 2778
469 841
469 1225
469 1463
469 1496
469 1548
469 1842
470 1111
470 2089
471 529
471 617
471 621
471 752
471 961
471 1023
471 1068
471 1257
471 1491
471 1600
471 2141
471 2232
471 2905
472 1150
472 1468
472 1516
472 1917
472 2389
472 2496
472 2976
473 531
473 534
474 767
474 843
474 981
474 1435
474 1554
474 1793
474 2426
475 2791
476 579
476 721
476 857
476 889
476 983
476 1121
476 1282
476 1290
476 1844
476 2431
477 515
477 948
477 1010
477 2082
477 2838
477 2857
478 1302
478 1615
478 1669
478 2110
479 542
479 802
479 829
479 840
479 936
479 1331
479 1532
479 1860
479 2050
479 2919
480 770
480 1623
480 1932
481 645
481 694
481 907
481 955
481 974
481 1031
481 1071
481 1215
481 1464
481 1514
481 1577
481 1908
481 1982
481 2056
481 2222
482 898
482 1201
482 1362
482 1480
482 1567
482 2796
483 644
483 915
483 2471
484 742
484 1630
484 2102
484 2128
484 2686
485 929
485 1991
485 2316
485 2644
485 2860
485 2987
486 2087
486 2334
487 529
487 708
487 1224
487 1365
487 1391
487 1488
487 1594
487 1809
487 2681
487 2911
488 508
488 630
488 661
488 679
488 960
488 1032
488 1162
488 1233
488 1459
488 1483
488 1866
488 2706
488 2945
489 743
489 1112
489 1308
489 1847
490 667
490 735
490 790
490 953
490 1010
490 1063
490 1201
490 1386
490 1561
490 1588
490 1608
490 1703
490 1806
490 1935
490 2188
490 2259
490 2313
490 2608
491 653
491 655
491 1266
491 1419
491 1939
491 2344
491 2773
492 654
492 738
492 1045
492 1113
492 1206
492 1941
492 2014
492 2201
492 2435
493 2157
494 1407
495 670
495 693
495 746
495 759
495 811
495 2374
495 2939
496 703
496 749
496 765
496 956
496 1057
496 1208
496 1302
496 1403
496 1450
496 1725
496 1889
496 2389
496 2653
496 2677
497 552
497 599
497 1141
498 585
498 1081
498 2437
499 1054
499 1632
499 1927
499 2657
500 1562
500 1626
500 1661
500 2180
500 2448
500 2575
501 649
501 708
501 855
501 1120
501 1288
501 2449
501 2661
502 678
502 775
502 811
502 1086
502 1190
502 1524
502 1612
502 1958
502 2018
502 2042
502 2634
503 828
503 873
503 1377
503 2766
504 733
504 1807
505 1117
505 1657
507 623
507 731
507 2002
507 2903
508 576
508 674
508 804
508 1067
508 1155
508 1327
508 2307
508 2354
508 2606
508 2854
509 1117
509 1700
509 1741
509 1759
509 1795
510 1924
510 2331
510 2964
511 845
512 748
512 1232
512 2079
513 684
514 756
514 1179
514 1229
514 1271
514 2467
515 691
515 824
515 926
515 1216
515 1241
515 1253
515 1368
515 1552
515 1778
515 2285
515 2544
515 2775
516 1159
517 631
517 850
518 633
518 1699
518 1744
518 1997
518 2230
518 2350
518 2558
519 944
519 1329
519 1462
519 1677
519 2236
519 2328
519 2789
520 548
520 723
520 981
520 1172
520 1489
520 2695
521 637
521 698
521 712
521 758
521 821
521 910
521 928
521 930
521 1207
521 1398
521 1572
521 1587
521 1680
521 1716
521 1944
521 2905
521 2946
521 2997
522 995
522 1138
522 2322
522 2486
523 537
523 592
523 675
523 766
523 942
523 1255
523 1364
523 1413
523 2457
523 2658
524 1026
524 1198
524 2222
524 2448
525 526
525 852
525 871
525 879
525 1128
525 1163
525 1440
525 1984
525 2200
526 707
526 923
526 1606
526 2355
527 1334
527 1423
527 1732
527 2046
527 2056
527 2155
527 2222
527 2593
527 2693
528 1942
528 2340
528 2469
529 1115
529 1379
529 1664
529 1810
530 1554
530 2853
531 1394
531 1633
531 2635
532 627
532 898
532 2308
532 2801
533 949
533 1369
533 1431
533 1823
533 1878
533 1882
533 2239
534 1265
534 1506
534 1663
534 1944
534 2900
534 2915
535 1548
535 1955
535 2688
535 2744
536 1836
537 680
537 723
537 778
537 857
537 1007
537 1174
537 1723
537 2121
537 2181
537 2244
538 893
538 2623
539 716
539 1372
539 1885
539 1913
539 2302
540 544
540 667
540 686
540 778
540 918
540 940
540 985
540 1105
540 1227
540 1428
540 1646
540 1770
540 1901
540 1961
540 2772
540 2938
541 2731
542 839
542 1014
542 1767
542 2977
543 1084
543 1708
543 2680
544 795
544 1636
544 1651
544 2207
544 2858
545 710
545 1298
545 2418
545 2498
546 580
546 1010
547 1160
547 1882
547 2041
548 556
548 1467
548 1592
548 1787
549 753
549 774
549 784
549 880
549 1353
549 1448
549 1480
549 1510
549 1541
549 1559
549 1966
549 2149
549 2165
549 2170
549 2476
549 2703
549 2921
550 1735
550 1805
550 1884
550 2074
550 2634
550 2780
552 842
552 954
552 1161
552 1903
552 2567
552 2699
553 748
553 1250
553 1275
553 1309
553 2475
553 2569
553 2794
554 700
554 1675
554 1695
554 1742
554 1761
554 2267
554 2658
554 2691
554 2900
554 2962
554 3000
555 2821
556 601
556 988
556 1629
556 1689
556 2520
556 2730
557 696
557 714
557 1128
557 1136
557 1739
558 799
558 1429
559 1035
559 1452
559 1618
560 1005
560 1473
560 1562
560 1957
560 2642
561 608
561 2719
562 661
562 691
562 1242
562 1314
562 1630
562 2672
562 2753
563 621
563 1695
563 1725
563 1876
563 1900
564 930
564 2428
564 2737
564 2960
566 647
566 1093
566 1454
566 2368
567 1737
567 2029
567 2318
568 610
568 755
568 891
568 1251
568 1714
568 1721
568 2156
569 589
569 607
569 618
569 1252
569 2163
569 2271
569 2898
570 1392
570 1526
570 1835
570 2235
570 2429
571 687
571 758
571 780
571 883
571 934
571 1707
571 1722
572 880
572 1200
572 1408
572 1429
572 1889
572 1983
572 2015
572 2152
572 2566
573 659
573 695
573 839
573 847
573 1083
573 1180
573 1196
573 1268
573 1450
573 2649
574 592
574 623
574 628
574 872
574 922
574 1531
574 1556
574 1694
574 1695
574 2076
574 2128
574 2352
574 2408
574 2510
574 2529
574 2938
575 827
575 1094
576 682
576 937
576 989
576 1245
576 1522
576 1781
576 2022
576 2328
576 2376
577 812
577 1104
577 2949
578 609
578 632
578 897
578 1846
578 2169
578 2579
579 1850
579 2881
580 698
580 727
580 868
580 1086
580 1326
580 1697
580 1799
580 1886
580 2263
580 2363
581 748
581 1017
581 1896
581 2445
581 2646
582 1146
582 1595
583 791
583 1382
583 2348
584 928
585 1005
585 1045
585 1109
585 1272
585 1294
585 2095
586 1225
586 1330
586 1575
586 1627
586 1980
586 2097
586 2850
587 717
587 1119
587 1189
587 1793
587 1910
587 2182
587 2219
588 1940
588 2444
589 1046
589 1607
589 1751
589 2475
589 2521
590 740
590 1063
590 2144
590 2260
591 730
591 941
591 1043
591 1708
591 1892
591 2548
591 2792
592 703
592 778
592 784
592 895
592 922
592 1510
592 1857
593 685
593 865
593 963
593 1050
593 1146
593 1252
593 1672
593 1758
593 2285
593 2346
594 964
595 641
595 706
595 1726
595 2022
595 2519
596 635
596 1082
596 1367
596 1422
596 1435
596 1517
596 1554
596 1689
596 1809
596 1844
596 2165
596 2354
596 2416
596 2652
596 2777
596 2823
597 798
597 1078
597 1211
597 1488
597 2253
597 2305
597 2777
597 2842
598 726
598 802
599 2449
600 844
600 1187
600 1483
600 1934
600 1975
600 2070
600 2297
600 2703
600 2979
601 676
601 792
601 897
601 1768
601 1817
601 1867
601 1967
601 2287
601 2350
602 789
602 849
602 949
602 1320
603 718
603 992
603 1271
603 1445
603 1568
603 1953
603 2399
603 2787
603 2822
604 728
605 749
605 899
605 980
605 1231
605 1352
605 2560
606 1161
606 1407
607 704
607 1433
607 1566
607 1601
607 1975
608 657
608 706
608 847
608 1560
608 1723
608 1745
608 1819
608 1888
608 1996
608 2584
609 1202
609 2037
609 2168
610 868
610 1481
610 2408
610 2432
610 2870
611 798
611 844
611 998
611 1237
611 1385
611 1629
611 2723
611 2958
612 670
612 765
612 790
612 1138
612 1640
612 2765
613 658
613 939
613 1627
614 688
614 694
614 850
614 887
614 2163
614 2299
615 1500
615 1892
616 1171
616 1585
616 2350
617 793
617 976
617 1286
617 1998
617 2133
617 2421
617 2879
618 1314
618 2954
619 662
619 755
619 759
619 824
619 843
619 1469
619 1783
619 2106
619 2140
620 669
620 782
620 786
620 795
620 1183
620 1616
620 1628
620 1837
620 2327
620 2871
621 1522
621 1570
621 1726
622 652
622 697
622 738
622 1075
622 1375
622 1437
622 2269
623 683
623 1999
623 2890
623 2916
624 760
624 762
624 770
624 1040
624 1229
624 1269
625 1774
625 2624
626 999
626 1013
626 2107
626 2347
626 2352
626 2618
627 1079
627 2858
628 831
628 898
628 1299
628 1427
628 2365
628 2967
629 810
629 1057
629 1242
629 1513
629 1625
629 1631
629 2223
629 2228
629 2603
630 785
630 1027
630 1872
631 925
631 1963
632 1542
632 2174
632 2667
633 2488
633 2552
634 794
634 1124
634 2113
634 2737
635 2392
635 2523
635 2834
636 1904
636 2764
637 1501
637 1895
637 2120
637 2658
637 2923
638 1028
639 805
639 1687
639 1970
639 2287
640 884
640 939
640 988
640 1243
640 1530
640 1896
640 2124
640 2486
640 2747
640 2846
641 1007
641 1238
641 1276
641 1418
641 1933
641 2104
641 2220
641 2301
641 2708
642 1139
642 1327
642 1667
642 1689
642 2040
642 2102
642 2193
642 2512
642 2630
643 707
643 718
643 1294
643 2234
644 746
644 969
644 2478
644 2966
645 725
645 827
645 888
645 1017
645 1911
645 2399
645 2673
645 2955
646 1182
647 849
647 1250
648 852
648 1177
648 1782
648 2501
648 2656
649 1363
649 1597
649 1845
649 2279
649 2494
649 2639
650 654
650 1023
650 1051
650 1414
650 1464
650 1550
650 1643
650 1751
650 2017
650 2212
650 2232
650 2233
650 2387
650 2487
651 724
651 834
651 1031
651 1072
651 1168
651 1430
651 1567
651 2680
652 704
652 761
652 820
652 1100
652 1733
652 1814
652 2289
652 2462
652 2530
653 2078
653 2136
654 1111
654 1747
654 2394
654 2639
654 2896
655 882
655 1113
655 1396
655 1476
655 2276
656 1111
656 1580
656 2322
657 1033
657 2943
657 2977
658 719
658 1685
658 2896
659 665
659 864
659 1278
659 1788
659 1868
659 2330
659 2596
660 713
660 1257
660 1529
660 1914
660 2369
661 1012
663 713
663 1610
663 1897
663 2029
663 2133
663 2318
664 1078
664 1329
664 2471
664 2856
665 727
665 1113
665 1145
665 1498
665 2200
665 2942
666 755
666 912
666 1497
666 1553
666 1578
666 1746
666 1813
667 707
667 736
667 1865
667 2147
667 2254
667 2713
667 2777
667 2779
667 2914
667 2953
668 2120
669 691
669 701
669 810
669 1264
669 1326
669 1364
669 1903
669 2830
670 734
670 902
670 1255
670 1671
670 2464
670 2967
671 779
671 834
671 844
671 927
671 1503
671 1631
671 1718
671 1744
671 1863
671 2009
671 2477
673 952
673 1615
673 2501
674 783
674 914
674 1310
674 1585
674 2125
674 2595
675 986
676 1399
676 1636
676 1877
676 2042
677 692
677 838
677 994
677 1256
677 1477
677 1512
677 2624
677 2886
678 1383
678 1430
678 2048
679 799
679 1126
679 1164
679 1321
679 1362
679 1404
679 1604
679 1790
679 1844
679 2243
680 1571
680 2225
680 2621
680 2771
681 688
681 1792
681 2021
681 2058
681 2263
681 2427
682 2166
682 2935
683 870
683 942
683 944
683 1024
683 1104
683 1135
683 1263
683 1508
683 1509
683 1665
683 1857
683 1908
683 1935
683 2086
683 2166
683 2449
683 2675
685 717
685 1742
685 1822
685 1885
685 2726
686 760
686 856
686 1013
686 1223
686 1430
686 2062
686 2342
686 2761
687 1099
687 1835
687 2093
687 2452
687 2536
687 2732
687 2857
688 734
688 886
688 1514
688 2229
688 2294
688 2304
689 2163
689 2880
690 2996
691 866
691 1175
691 1725
692 1865
693 993
693 1155
693 1727
693 1772
693 2025
693 2323
694 789
694 1112
694 1603
694 2260
694 2663
695 2127
695 2347
696 752
696 990
696 1053
696 1250
696 1384
696 1580
696 2028
696 2773
697 1183
697 1761
697 2072
697 2822
698 2930
699 744
699 754
699 1241
699 1438
699 1852
699 2204
699 2302
700 2001
700 2395
700 2691
701 757
701 798
701 979
701 1015
701 1194
701 1287
701 1396
702 783
702 801
702 936
702 1136
702 1494
702 1825
703 863
703 927
703 1251
704 1070
704 1185
704 1855
705 866
706 2878
707 889
707 996
707 1158
707 2152
707 2697
710 1001
710 2298
710 2954
711 715
711 1643
711 1902
711 2013
711 2983
712 913
712 951
712 990
712 1250
712 2101
712 2228
713 1259
713 2551
714 988
715 1510
715 1540
716 1785
716 1980
717 1029
717 1916
717 2118
717 2220
717 2608
718 2257
719 1502
719 1554
719 2113
721 930
721 1164
721 1317
721 1529
721 2850
722 880
722 1124
722 1178
722 1270
722 1470
722 2432
724 2861
725 2221
725 2477
725 2508
726 1134
726 1621
726 2356
726 2892
727 1046
727 1667
727 1948
727 2327
728 1716
728 1777
728 2130
728 2776
729 1097
729 2407
729 2780
730 1368
731 1030
731 1251
731 1794
732 1502
732 1555
732 1808
732 2911
733 1410
733 1441
733 2509
733 2568
733 2684
734 842
734 1195
734 1410
734 2393
735 1235
735 1258
735 1479
735 2310
735 2361
735 2458
736 1974
736 1986
736 2262
736 2568
736 2916
737 909
737 1037
738 793
738 1409
738 1750
738 2208
739 800
739 924
739 972
739 1381
739 1486
739 1650
739 1979
739 2059
739 2091
739 2148
739 2151
739 2352
739 2703
739 2987
740 866
740 1488
740 1557
740 1605
740 1876
740 2502
740 2574
741 789
741 845
741 885
741 1028
741 1161
741 2199
741 2524
742 788
742 856
742 2029
742 2926
743 958
743 1460
743 2902
744 1433
744 1773
744 1831
744 1875
744 2952
745 1843
745 2825
746 1148
746 1284
746 1503
746 2243
746 2707
747 1355
747 1859
747 2243
747 2611
748 1869
748 2842
750 1648
751 1132
751 2019
751 2311
752 850
752 1411
752 1671
752 2716
753 880
753 1282
753 1377
753 1763
753 2575
753 2648
753 2927
754 879
754 899
754 1037
754 1445
754 1708
754 2069
754 2235
755 911
755 1807
755 2399
757 774
757 882
757 977
757 984
757 1089
757 1393
757 1462
757 1486
757 1592
757 1726
757 2169
757 2269
757 2330
757 2463
758 1143
758 1543
758 1630
759 947
759 1715
761 991
761 1420
761 1442
761 1758
761 1904
761 2075
761 2114
761 2445
761 2567
761 2647
761 2782
761 2994
762 776
762 1119
762 1330
762 1881
762 2057
763 1259
763 1288
763 1538
763 1703
763 1783
764 1417
764 1764
764 2022
764 2426
764 2516
765 1673
765 2138
766 846
766 1069
766 1200
766 1357
766 1410
766 1784
766 2533
766 2711
767 1454
767 1919
767 1953
767 2725
767 2808
767 2951
768 1689
769 2141
769 2224
769 2952
770 960
770 2155
771 1563
771 1589
771 1950
771 1968
771 2047
771 2766
772 971
772 2419
773 838
773 886
773 1176
773 1322
773 1455
774 1333
774 1952
776 1067
776 1408
776 2104
776 2381
776 2681
777 1367
777 2453
777 2563
777 2565
777 2732
778 939
778 1054
778 1390
778 1432
778 1464
778 1479
778 2481
778 2730
778 2998
779 2112
779 2320
779 2502
779 2535
779 2600
780 984
780 1291
780 1923
780 2456
781 1307
781 2513
781 2550
781 2601
782 1123
782 1171
783 983
783 1183
783 1920
783 2793
784 867
784 908
784 1065
784 1293
784 1649
785 1228
786 849
786 864
786 882
786 1194
786 2637
786 2774
787 1875
787 1879
787 2039
787 2241
787 2510
787 2933
788 797
788 861
788 881
788 2292
789 1087
789 1315
789 1506
789 1951
789 1962
789 2277
789 2788
790 812
790 1188
790 1430
790 1462
790 1606
790 2089
791 1146
791 1254
791 1370
791 1938
791 2527
791 2585
793 1745
793 1816
793 1951
794 948
794 1734
795 841
795 1549
795 1615
795 1620
795 2187
795 2644
795 2708
795 2926
796 812
796 1320
796 1401
796 1522
796 1628
796 1691
796 2109
796 2581
796 2621
796 2771
797 2526
798 1724
798 1777
798 2406
799 1949
799 2218
800 2742
801 826
801 1000
801 1066
801 1308
801 1926
801 2937
802 835
802 1016
802 1230
802 1384
802 1424
802 1719
802 2727
803 854
803 915
803 1091
803 1093
803 1215
803 1344
803 1688
803 1864
803 2179
803 2229
803 2891
804 935
804 1636
804 1992
804 2269
804 2436
805 1303
805 1856
805 2116
805 2910
806 823
806 953
806 1712
806 2293
807 1653
807 2308
808 857
808 1457
808 1684
808 2522
808 2930
809 1187
810 871
810 1107
810 1144
810 1325
810 1926
810 2911
811 1021
811 1297
811 1587
811 1917
811 2092
811 2593
812 1251
812 1444
812 1883
812 1916
812 2809
812 2826
813 1821
814 1484
814 2738
814 2875
816 913
816 993
816 1322
816 1979
816 2542
817 883
817 906
817 1019
817 1133
817 1521
817 2886
818 970
818 974
818 1081
818 1298
818 1401
818 1422
818 2024
818 2275
818 2422
819 1426
819 2257
820 1100
820 1157
820 1821
820 2049
821 2034
821 2353
822 1108
822 1165
824 911
824 918
824 1512
824 1832
825 903
825 978
825 1621
825 2145
826 859
826 1135
826 1168
826 2250
826 2508
826 2727
826 2897
827 1309
827 1579
827 2028
827 2069
827 2164
827 2392
827 2543
828 834
828 905
828 969
828 1050
828 1321
828 2383
828 2564
828 2810
828 2975
829 2146
829 2455
830 1044
832 1620
832 2739
833 1088
833 1379
833 1771
834 1345
834 1780
835 1068
835 1340
835 1571
835 2293
835 2826
835 2902
836 926
836 1197
836 2853
837 2513
838 1198
838 2088
838 2826
838 2983
839 1575
839 1637
839 2815
840 1342
841 998
841 2064
841 2961
842 1377
843 1224
843 1307
844 2438
844 2896
845 1020
845 1121
845 1173
845 1184
845 1499
845 1642
845 2240
845 2345
845 2405
846 938
846 1178
847 1067
848 1447
848 1536
849 2556
850 1156
851 875
851 950
851 1029
851 1049
851 1479
851 1484
851 1532
851 1577
851 1985
851 2024
852 1166
852 2156
852 2779
852 2930
853 1151
853 2412
853 2477
854 900
854 1308
854 1801
854 1820
854 2087
854 2173
855 912
855 1538
856 1111
856 1187
856 1234
856 1992
856 2358
856 2459
857 1340
857 1817
857 2455
857 2825
858 1439
858 2195
858 2442
858 2481
860 896
860 2148
861 928
862 1798
862 2968
863 1192
863 1498
863 1611
863 1648
863 2483
863 2612
864 1316
864 1533
864 1898
864 2538
865 2121
866 978
866 1762
866 2559
866 2702
867 1221
867 1669
867 2080
867 2090
867 2353
867 2423
867 2809
867 2948
868 2669
869 1560
869 2716
870 1037
870 1100
870 1490
871 890
871 950
871 1360
871 1413
871 1699
871 1974
871 2074
871 2626
872 1195
872 1279
872 1875
872 2811
872 2920
873 1737
873 2516
874 1569
875 1393
876 959
876 1642
876 2263
876 2457
877 1504
877 1659
878 1058
878 2130
878 2342
878 2936
879 1807
879 2878
880 967
880 995
880 1156
880 1163
880 1444
880 1536
880 1660
880 1716
880 2806
880 2947
882 1069
882 1136
882 1158
882 1206
882 2802
882 2935
883 1374
884 1671
884 1907
885 1700
888 1043
888 1515
888 1549
888 1893
888 1963
888 2543
888 2751
888 2790
889 937
889 1034
889 2146
890 1118
890 1342
890 1549
890 1617
890 2249
890 2278
891 1235
891 1289
891 2278
891 2343
892 1053
892 1490
892 1673
892 1812
894 1035
894 1081
894 1168
894 1693
894 2311
894 2497
894 2791
895 1515
895 2231
895 2431
896 972
896 1174
896 1211
896 1426
896 1458
896 1539
896 1821
896 1850
896 2281
896 2571
897 973
897 1016
897 2795
897 2798
899 2071
899 2126
900 1716
900 1869
900 1975
900 2005
900 2106
900 2280
900 2756
900 2827
901 1093
901 1249
901 2209
902 1170
902 1370
902 1435
902 1756
902 2474
903 948
903 1040
903 1162
903 1800
903 2412
903 2623
904 996
904 1384
904 1788
904 1993
904 2023
904 2358
904 2431
904 2776
904 2982
905 930
905 1116
905 1935
905 2299
905 2547
905 2622
905 2732
905 2762
905 2763
906 910
906 1739
906 2605
906 2607
907 991
907 1040
907 1359
907 1369
907 1423
907 1937
907 2213
907 2767
908 941
908 1138
908 1827
908 2050
908 2722
908 2797
909 1633
909 2531
910 980
910 2023
910 2696
911 1414
912 1523
912 2413
912 2705
913 1115
913 1600
913 1709
913 1838
913 2211
913 2443
913 2726
914 1206
914 2212
914 2517
914 2653
914 2785
914 2974
915 961
915 1350
915 1440
915 1561
915 2553
916 996
916 1516
916 1690
916 2261
916 2348
916 2407
917 1714
918 1535
918 2122
919 920
919 2901
920 933
920 2063
920 2103
920 2343
920 2444
920 2599
921 1341
921 1694
921 1756
921 2033
921 2738
921 2973
922 1226
922 1246
922 2582
923 1541
923 1755
923 2157
923 2269
925 1956
925 2613
925 2982
927 1936
927 1979
927 2866
928 1336
928 1445
928 2053
928 2184
928 2352
928 2541
929 1050
929 1303
929 1371
929 1433
929 2315
929 2689
930 1203
930 1361
930 1400
930 1976
931 1573
931 2096
931 2458
933 1412
933 1861
934 1091
934 1471
935 2001
935 2015
935 2623
935 2991
936 1200
936 1546
936 2260
937 1590
938 968
938 1034
938 1209
938 1416
939 1059
939 2253
939 2439
939 2467
940 1073
940 2683
941 1906
941 2021
941 2239
942 1337
942 1863
942 2257
942 2546
942 2589
942 2761
942 2984
943 2160
943 2622
944 1692
944 1781
944 2209
944 2404
944 2824
945 1076
945 1087
945 1288
945 1352
945 2301
946 1043
946 1881
946 1971
947 2120
947 2178
947 2254
948 1374
948 2569
948 2981
949 957
949 1201
949 1343
949 2592
950 1336
950 1360
950 1839
950 1924
950 1970
950 2137
950 2320
950 2934
952 1311
952 2098
952 2212
952 2961
953 1997
953 2546
953 2676
953 2913
954 1332
954 1428
954 1444
954 1454
954 2055
954 2234
955 1177
956 1159
957 1270
958 1273
959 979
959 1244
959 1505
959 1966
959 1985
959 2306
959 2379
959 2741
960 1057
960 1080
960 2050
960 2749
961 1306
961 1446
961 1461
961 1602
961 1804
961 1929
961 2153
961 2252
961 2408
961 2563
961 2925
962 977
962 1937
962 1980
962 2049
962 2371
962 2588
963 1639
963 2442
964 1059
964 2044
965 1179
965 1432
965 1584
965 1718
966 1188
967 990
968 987
968 1261
968 1470
968 1696
968 1778
968 1834
968 1995
968 2526
968 2647
969 1018
969 1149
969 2851
970 1020
970 1525
970 1549
970 1625
970 2070
970 2586
970 2837
971 1390
971 1900
972 1839
973 2537
973 2600
973 2894
974 1000
974 2018
974 2072
974 2217
974 2245
975 1580
975 1662
975 1686
975 2799
975 2848
976 1095
976 1455
976 1474
976 2103
976 2178
976 2202
976 2229
976 2429
976 2604
976 2782
976 2840
977 1289
978 1398
978 1399
978 2012
978 2109
978 2795
979 1907
979 2164
979 2364
980 1027
980 2106
982 1450
982 1784
982 2083
983 1012
983 1408
983 2849
983 2860
983 2986
984 1163
984 1239
984 2298
984 2353
984 2367
985 1061
985 2091
985 2692
986 2663
987 1024
987 2177
987 2205
987 2960
989 1421
989 1719
989 2789
990 1253
990 1724
990 2061
991 1069
991 1610
991 1724
991 1775
991 1806
991 1903
991 2051
992 1434
992 1743
992 2262
993 1355
993 2344
995 1701
995 1806
995 2016
996 1094
996 1264
996 1296
996 1784
996 2039
996 2229
996 2289
997 1908
997 2196
998 1572
998 2709
999 1100
999 1221
999 1390
999 2195
1000 2620
1001 1748
1002 1731
1002 2748
1003 1828
1003 2386
1003 2414
1004 1021
1004 1505
1004 1641
1004 1710
1004 2156
1004 2167
1004 2218
1004 2641
1006 2181
1006 2606
1007 1841
1007 2598
1009 1374
1009 1757
1009 2654
1009 2832
1010 1724
1010 2650
1011 1486
1011 1565
1013 1916
1013 2184
1014 1547
1014 1810
1015 1717
1016 1387
1016 1465
1016 1664
1016 2011
1016 2062
1016 2151
1017 2971
1018 1293
1018 1771
1018 2096
1018 2323
1019 1777
1019 1886
1019 2189
1019 2758
1020 1096
1020 1698
1020 2746
1021 2351
1021 2908
1022 1103
1022 1382
1022 1969
1022 2046
1022 2085
1022 2170
1022 2208
1022 2557
1022 2559
1023 1446
1023 2938
1024 1125
1024 1622
1024 1967
1025 2446
1026 1363
1026 1648
1027 1131
1027 2016
1027 2128
1027 2819
1028 1043
1028 1409
1029 1122
1029 1651
1029 1780
1029 2022
1029 2153
1029 2284
1029 2643
1030 1390
1030 1578
1030 2812
1030 2865
1030 2946
1031 2020
1031 2025
1031 2035
1031 2545
1032 1092
1032 1536
1032 1611
1032 2465
1032 2656
1032 2770
1032 2805
1032 2984
1033 2793
1034 1071
1034 1888
1034 2032
1034 2543
1035 1316
1035 1682
1035 1842
1035 1848
1035 2004
1035 2304
1035 2928
1035 2999
1036 1295
1038 1051
1038 1173
1038 1346
1038 2058
1039 1682
1039 1810
1039 1956
1039 1985
1039 2366
1039 2403
1039 2499
1040 1127
1040 1312
1040 1453
1040 1565
1040 2753
1040 2862
1041 2533
1042 1472
1042 2108
1042 2238
1044 1117
1044 1162
1044 1668
1044 1670
1044 1672
1044 1731
1044 1826
1044 1965
1044 2386
1044 2554
1044 2796
1044 2806
1046 1301
1046 2727
1048 1823
1048 2635
1049 1157
1049 1305
1049 2241
1049 2459
1049 2578
1049 2693
1050 1998
1050 2279
1050 2831
1051 1619
1051 1870
1051 1962
1051 2231
1051 2558
1051 2684
1052 2325
1052 2631
1054 2999
1055 1075
1055 1287
1055 2526
1055 2697
1055 2775
1056 1192
1056 1576
1056 1607
1056 1805
1056 1999
1057 1277
1057 2571
1058 2879
1059 1961
1060 2062
1060 2267
1060 2440
1061 1473
1061 1681
1061 2551
1061 2895
1063 1193
1063 2797
1065 1690
1066 2224
1068 1179
1068 1469
1068 1576
1068 2066
1068 2454
1068 2527
1068 2634
1069 1216
1069 1518
1069 1791
1069 1794
1069 1820
1069 2465
1069 2873
1070 1190
1070 2071
1071 1092
1071 1291
1071 1409
1071 2907
1072 1375
1073 1991
1075 1171
1075 1228
1075 1434
1075 1474
1075 2239
1076 1348
1076 1506
1076 1534
1076 2234
1077 1239
1077 1952
1077 2289
1077 2462
1078 1627
1079 2384
1080 1392
1080 1821
1080 2800
1081 1323
1081 1559
1081 1707
1081 2963
1082 1319
1082 1358
1082 1397
1082 1525
1082 1812
1082 2040
1082 2091
1082 2635
1083 1358
1083 1590
1083 2364
1083 2458
1084 1319
1085 1228
1085 1327
1085 1761
1085 2969
1087 1106
1087 1312
1088 1663
1088 2100
1088 2305
1088 2313
1088 2943
1089 1446
1089 1854
1089 1999
1089 2659
1090 2558
1090 2578
1090 2815
1092 1144
1092 2377
1093 1413
1093 2084
1093 2173
1093 2541
1094 2704
1094 2791
1095 1760
1095 2831
1096 1224
1096 1609
1096 1620
1097 1364
1097 1752
1099 1448
1099 1697
1099 1776
1099 1850
1100 1190
1100 1530
1100 1678
1100 2372
1100 2606
1100 2682
1100 2940
1101 1343
1101 1514
1101 2636
1102 1926
1102 2939
1103 1152
1103 1468
1103 1931
1103 2530
1103 2657
1103 2849
1104 1144
1104 1975
1104 2374
1104 2425
1104 2463
1106 1436
1106 1748
1106 2132
1106 2811
1107 1436
1107 1943
1107 2666
1108 1214
1108 1608
1110 1684
1110 2883
1111 1285
1112 1487
1112 1924
1112 1957
1112 2466
1112 2786
1113 1124
1113 1674
1113 1905
1113 1951
1113 2027
1113 2105
1113 2287
1113 2493
1113 2670
1115 1233
1115 2012
1116 1503
1116 1663
1120 1183
1121 2280
1122 1478
1122 1912
1122 2259
1122 2609
1123 1165
1124 1621
1124 1872
1124 2863
1125 1623
1125 2405
1125 2913
1126 2230
1127 1827
1127 1835
1127 1889
1127 1916
1127 2114
1127 2834
1128 1507
1128 2227
1129 1133
1130 1575
1130 2389
1131 2086
1131 2692
1132 2469
1132 2483
1133 2949
1134 1685
1134 1803
1134 1886
1134 1989
1134 2492
1134 2806
1136 1844
1136 2164
1136 2841
1136 2912
1137 1303
1138 1906
1138 2480
1138 2656
1138 2818
1140 1585
1141 1186
1141 2056
1142 1167
1143 1248
1143 1492
1143 1655
1143 1971
1143 2214
1144 1236
1144 2373
1144 2613
1144 2731
1145 2258
1146 1216
1146 2135
1146 2149
1146 2371
1146 2434
1147 1634
1147 2154
1147 2799
1148 1347
1148 1452
1148 2086
1150 1425
1150 1909
1150 2191
1152 2442
1153 1226
1153 1811
1153 2290
1153 2323
1153 2505
1153 2571
1153 2819
1153 2893
1154 1715
1155 1230
1155 1877
1155 2190
1155 2877
1156 1182
1156 1244
1156 1253
1156 1804
1156 2557
1157 1862
1159 1243
1159 1949
1160 1676
1160 2183
1160 2803
1161 2294
1163 2248
1164 1218
1164 1428
1164 1987
1165 1328
1165 1478
1165 1568
1165 2252
1165 2628
1165 2929
1166 2603
1167 2454
1168 1553
1168 2835
1169 1382
1169 2137
1169 2177
1169 2214
1170 1210
1170 1259
1170 2097
1170 2754
1171 1805
1171 2277
1171 2468
1171 2552
1171 2557
1171 2844
1171 2976
1172 1341
1172 1868
1172 2431
1174 2271
1175 1700
1176 2071
1176 2083
1177 2261
1177 2667
1178 1214
1178 1268
1178 1579
1178 1597
1178 1613
1178 1645
1178 2025
1178 2786
1179 2577
1180 1595
1180 1652
1180 1960
1180 2711
1180 2835
1181 2376
1182 1293
1183 2604
1185 2054
1186 1738
1186 1845
1187 1871
1187 2743
1188 1796
1188 1815
1188 1839
1189 1282
1189 1441
1189 2005
1189 2142
1189 2258
1189 2682
1189 2731
1190 1307
1190 1515
1190 2678
1191 2819
1192 1610
1192 2381
1193 1523
1193 1819
1193 2198
1193 2337
1193 2921
1194 1315
1194 1367
1194 1507
1194 1756
1195 1225
1195 1626
1195 1632
1196 1220
1196 1465
1196 1473
1196 2090
1196 2356
1196 2472
1196 2642
1197 1319
1197 1410
1197 1539
1198 1352
1198 1461
1198 1537
1198 1740
1198 2861
1199 1855
1200 1271
1200 1325
1201 1443
1201 2371
1202 1842
1202 2117
1205 2487
1206 1257
1206 1582
1206 1693
1206 1755
1206 1919
1206 2937
1207 1267
1208 2000
1210 1317
1211 2059
1211 2699
1212 1540
1213 1255
1213 1797
1213 2434
1213 2491
1217 1238
1217 1271
1217 1297
1217 2274
1218 1263
1218 2720
1219 1418
1219 2344
1220 1544
1221 1441
1221 1980
1221 2058
1221 2139
1221 2223
1221 2560
1222 1305
1222 2186
1223 1342
1223 2266
1224 1324
1224 1811
1224 2018
1225 1330
1225 1354
1225 1749
1225 2088
1228 1261
1228 2231
1229 1270
1229 1442
1229 1666
1230 1928
1230 2106
1230 2393
1231 1334
1231 1519
1231 2045
1231 2328
1231 2499
1231 2659
1233 1381
1233 2587
1234 2620
1235 2438
1236 1447
1236 1752
1236 1775
1236 1956
1236 2122
1237 2257
1237 2528
1238 2090
1238 2376
1241 1634
1242 2811
1243 1499
1244 1378
1244 1416
1244 1604
1244 1704
1244 2608
1246 2344
1248 1368
1248 1566
1248 1669
1248 1812
1249 2116
1249 2551
1251 1638
1251 1769
1251 1943
1252 1498
1252 2638
1253 1573
1253 2197
1253 2378
1253 2538
1253 2780
1254 2076
1254 2720
1255 1312
1255 1339
1255 1466
1255 1835
1256 1523
1257 1528
1257 1939
1257 2045
1257 2361
1258 1984
1258 2484
1258 2588
1258 2823
1258 2891
1259 2101
1259 2248
1259 2564
1260 1281
1260 1967
1260 2256
1262 1613
1262 2030
1262 2374
1262 2383
1262 2694
1263 1283
1263 2310
1264 2532
1265 2925
1266 1908
1266 2485
1267 1673
1267 2998
1268 2215
1268 2280
1269 1476
1271 1762
1271 2761
1273 1421
1273 2512
1274 2406
1274 2895
1275 1517
1276 1789
1276 2709
1278 1830
1278 1973
1279 2132
1281 1349
1284 1614
1284 1982
1284 2960
1288 2064
1288 2130
1292 1519
1292 1567
1292 1971
1294 2134
1295 2236
1295 2295
1295 2814
1296 2069
1296 2541
1297 1624
1297 1769
1298 1300
1298 1704
1298 1861
1298 2259
1298 2912
1299 1443
1299 2149
1300 2683
1301 2567
1302 1349
1302 1526
1302 1586
1302 1818
1302 1947
1302 2449
1305 2342
1305 2848
1306 1599
1306 2190
1306 2252
1307 1459
1307 1955
1307 2246
1307 2453
1308 1345
1308 1426
1308 1593
1308 1946
1308 2721
1309 1596
1311 1576
1311 1759
1311 1943
1311 2774
1312 2626
1312 2941
1313 2056
1313 2463
1313 2678
1315 1544
1315 2046
1315 2383
1316 2509
1316 2540
1317 1361
1318 1722
1319 1376
1319 2447
1321 1750
1321 2549
1321 2783
1321 2930
1323 2188
1323 2439
1324 1654
1324 2924
1325 1389
1325 1751
1325 2074
1325 2430
1325 2802
1326 2348
1327 1938
1327 2133
1327 2251
1328 1556
1328 1622
1329 1377
1329 2041
1329 2089
1329 2601
1329 2718
1329 2746
1329 2992
1330 1692
1330 2097
1330 2250
1330 2301
1330 2452
1331 1340
1331 1354
1331 2135
1331 2493
1335 1736
1335 2899
1336 2464
1338 1712
1338 1874
1338 2249
1339 1933
1339 2253
1339 2273
1339 2760
1341 1373
1341 1617
1342 1932
1342 2433
1342 2517
1342 2994
1343 1356
1343 1508
1343 1538
1344 1353
1344 1790
1344 1960
1344 2010
1344 2033
1344 2037
1345 1730
1345 1965
1345 2617
1346 2143
1346 2771
1348 2528
1348 2967
1349 1372
1349 2396
1349 2684
1350 1873
1351 1508
1351 1791
1351 2632
1353 2464
1353 2845
1354 1608
1354 1687
1354 1839
1354 2156
1354 2787
1355 1427
1355 1631
1355 1791
1355 2512
1355 2645
1355 2686
1356 2672
1357 1555
1357 2831
1358 2566
1360 1552
1360 2148
1361 1814
1361 1953
1361 2586
1361 2918
1362 1418
1362 1666
1362 1779
1362 1803
1362 1863
1362 2131
1362 2347
1362 2950
1363 2268
1363 2615
1365 2230
1365 2890
1365 2904
1368 2540
1369 1660
1370 2346
1370 2451
1370 2527
1371 1504
1371 1600
1371 1739
1371 2437
1372 1388
1372 1686
1372 2956
1373 2310
1373 2332
1373 2668
1375 2396
1377 2085
1377 2339
1377 2911
1378 1469
1378 1574
1378 2125
1378 2485
1379 1942
1379 2213
1379 2459
1380 2167
1381 1420
1381 1472
1381 1542
1381 1561
1381 1635
1381 1754
1381 1780
1381 2226
1381 2333
1381 2609
1382 1755
1382 1758
1382 2564
1383 2086
1384 1533
1384 1890
1384 2278
1385 2313
1386 2714
1387 1636
1389 1577
1390 1438
1390 1457
1390 1900
1390 1902
1390 2338
1390 2625
1391 1707
1391 1745
1391 2854
1392 1833
1392 1873
1392 2027
1392 2522
1392 2870
1393 1543
1393 1833
1393 2928
1395 1706
1395 2245
1396 1511
1396 1792
1396 1884
1396 2186
1397 1741
1397 1846
1397 2489
1397 2899
1398 1518
1398 1799
1398 1954
1398 2643
1398 2827
1399 1436
1399 1502
1399 1723
1399 1765
1400 1797
1400 2283
1400 2384
1400 2570
1400 2589
1401 1495
1401 1519
1401 2199
1403 1473
1404 2682
1405 1511
1406 1441
1406 1739
1407 2401
1407 2490
1410 2754
1410 2964
1411 2757
1412 1626
1412 2361
1415 1760
1415 2349
1415 2579
1416 1884
1416 2092
1416 2215
1417 2610
1417 2962
1418 1519
1419 2048
1420 1645
1420 2636
1420 2736
1420 2782
1420 2932
1422 1978
1422 2779
1423 2296
1423 2648
1423 2876
1424 1633
1424 1860
1426 2604
1427 1717
1428 2585
1429 1500
1430 2377
1431 1577
1431 2217
1432 2603
1432 2697
1433 2757
1434 2761
1436 2729
1437 2251
1437 2610
1438 1614
1438 2264
1438 2948
1439 2596
1439 2872
1440 1499
1440 1824
1440 2084
1440 2423
1442 1825
1443 1957
1444 2019
1445 2075
1448 1542
1449 1531
1449 1624
1449 1934
1450 1766
1450 2265
1450 2917
1451 2430
1453 1797
1453 1878
1453 2357
1453 2792
1454 1787
1454 1819
1454 2002
1455 1647
1455 1921
1455 2094
1456 2483
1459 1802
1459 2122
1461 2336
1461 2807
1465 2504
1467 1779
1467 1989
1467 2708
1468 2053
1468 2363
1468 2578
1468 2974
1469 1504
1469 1965
1469 2185
1469 2490
1469 2870
1470 2123
1470 2364
1470 2578
1472 1645
1473 2428
1473 2705
1474 1763
1476 2368
1479 1609
1479 1624
1479 1651
1479 1738
1479 1743
1480 1879
1480 2816
1482 2300
1483 2196
1483 2394
1483 2829
1485 2121
1486 2104
1487 1832
1489 1613
1489 2064
1490 2910
1491 1558
1491 2211
1491 2959
1492 1713
1493 1773
1493 2364
1494 2500
1495 2188
1497 2130
1497 2491
1497 2550
1497 2684
1499 1757
1499 2167
1499 2631
1500 2078
1501 2005
1502 2233
1502 2663
1502 2790
1502 2791
1504 2100
1504 2531
1505 1652
1505 2333
1505 2588
1506 1533
1507 2769
1509 2247
1509 2294
1512 2409
1514 2863
1515 2185
1515 2539
1516 1886
1516 1934
1516 2717
1516 2790
1517 2275
1518 2075
1518 2213
1518 2497
1518 2808
1520 1590
1521 2004
1521 2207
1521 2897
1522 1676
1522 1702
1522 1902
1522 2679
1523 1638
1524 1537
1524 2504
1525 1747
1525 1994
1526 2876
1527 1548
1527 2563
1528 2637
1529 1582
1529 1748
1529 1782
1529 2783
1530 2790
1531 1804
1534 2262
1535 1619
1535 2028
1536 1610
1536 1691
1536 2322
1536 2670
1537 1779
1537 1802
1537 2076
1537 2388
1538 1597
1539 2583
1540 1568
1541 2617
1542 1676
1543 2123
1543 2652
1544 1641
1544 2128
1544 2752
1545 2336
1547 2586
1548 1753
1548 1929
1548 2140
1549 2380
1550 2487
1551 2006
1552 1731
1552 2015
1553 2402
1554 2645
1554 2662
1555 2691
1556 1969
1556 2360
1557 2065
1557 2079
1557 2842
1558 2537
1558 2553
1558 2803
1559 2066
1563 2401
1565 2576
1566 1864
1566 2712
1568 1989
1569 1919
1569 2204
1569 2451
1569 2618
1570 2419
1571 2249
1572 2220
1574 2408
1575 1798
1575 2179
1576 2291
1576 2689
1577 2397
1577 2988
1578 2132
1578 2211
1578 2758
1579 1648
1579 1815
1580 2325
1580 2728
1581 2296
1582 2195
1582 2341
1582 2885
1584 1617
1584 1920
1586 1663
1586 2669
1587 2131
1587 2906
1588 1923
1589 2037
1590 2479
1592 2434
1593 2315
1594 1595
1594 2355
1594 2932
1595 2052
1595 2148
1595 2157
1595 2840
1596 2965
1598 1741
1599 2706
1600 1606
1600 1843
1600 2020
1601 1882
1601 2441
1602 2032
1602 2675
1603 2107
1604 1828
1604 2224
1606 2242
1606 2359
1607 2077
1607 2168
1610 1898
1610 2603
1611 1624
1611 1661
1611 2206
1611 2249
1613 2282
1615 1856
1615 2549
1616 2947
1618 2520
1619 2169
1619 2215
1619 2886
1619 2898
1620 2073
1621 1989
1621 2529
1622 1717
1622 1795
1622 2810
1624 1910
1624 1936
1625 1962
1625 2422
1625 2463
1625 2890
1627 2115
1627 2847
1629 1847
1629 2514
1629 2987
1630 2741
1630 2982
1633 2346
1634 1704
1635 2031
1635 2171
1635 2240
1636 2534
1636 2719
1639 1973
1641 1816
1641 1829
1641 2266
1641 2276
1641 2653
1641 2770
1645 2510
1646 1786
1646 1870
1646 2238
1646 2242
1646 2390
1646 2629
1646 2935
1647 2630
1648 1913
1649 1823
1649 2273
1649 2953
1650 1692
1650 2182
1650 2283
1650 2504
1651 2988
1653 1688
1653 2087
1653 2205
1653 2396
1654 1772
1654 2485
1654 2520
1654 2530
1655 1990
1656 2906
1657 1760
1657 2146
1657 2382
1658 1677
1658 1816
1658 1928
1658 2041
1658 2528
1658 2883
1658 2903
1660 2495
1660 2676
1662 1694
1662 2916
1663 1899
1664 2094
1665 1912
1665 2359
1665 2852
1666 1856
1666 2557
1666 2923
1667 2217
1668 2250
1668 2648
1668 2855
1669 2386
1670 1721
1673 2039
1673 2703
1674 1843
1674 1938
1674 2009
1674 2054
1674 2447
1675 2306
1676 2435
1677 1905
1677 1969
1677 2114
1677 2231
1677 2782
1677 2892
1679 2479
1679 2582
1679 2979
1680 1946
1681 2602
1681 2786
1681 2886
1682 2337
1682 2842
1683 1899
1683 2261
1687 2245
1689 2648
1689 2817
1690 2024
1692 2641
1695 2855
1695 2900
1696 2138
1697 1838
1697 2933
1698 2327
1700 2289
1700 2612
1701 2943
1703 2553
1703 2574
1705 1766
1707 2308
1707 2326
1707 2531
1707 2568
1708 2244
1708 2632
1708 2934
1709 2687
1710 1993
1710 2097
1710 2944
1712 2132
1714 2173
1714 2780
1717 1849
1717 2295
1718 2059
1719 1985
1719 2000
1719 2303
1719 2324
1721 1747
1721 2507
1723 1831
1725 2493
1726 1773
1726 1870
1727 2588
1728 2847
1729 1813
1729 1987
1729 2646
1729 2832
1729 2907
1730 2620
1730 3000
1732 2522
1732 2735
1733 1828
1733 2858
1734 2767
1736 2131
1737 2545
1737 2616
1739 2462
1740 1876
1740 2008
1740 2656
1741 2482
1742 2525
1742 2628
1743 2054
1743 2696
1744 2190
1746 2456
1747 1945
1747 2765
1748 2093
1748 2175
1748 2637
1750 2492
1751 1855
1753 1879
1753 2268
1756 2154
1757 2032
1757 2494
1759 2743
1760 2070
1760 2772
1761 2763
1762 2297
1767 1814
1767 2003
1767 2060
1767 2493
1767 2821
1767 2829
1768 1939
1768 2019
1768 2161
1770 2927
1772 1817
1773 2581
1774 2036
1774 2909
1775 2752
1776 2162
1776 2592
1777 2915
1778 2000
1778 2818
1779 2245
1779 2561
1781 1848
1781 1990
1781 2145
1781 2159
1781 2168
1781 2373
1781 2543
1782 2144
1782 2319
1785 2046
1785 2191
1785 2316
1785 2626
1785 2830
1786 2005
1787 2931
1791 2753
1792 2372
1793 1873
1793 2300
1793 2375
1793 2440
1793 2936
1794 2852
1796 1915
1796 2582
1799 2076
1801 2266
1801 2382
1801 2592
1802 1921
1803 1891
1803 1924
1803 2165
1803 2745
1805 2334
1805 2721
1805 2734
1806 2518
1806 2619
1806 2847
1806 2956
1807 1977
1807 2296
1807 2539
1809 2517
1811 2803
1814 2770
1814 2905
1815 2619
1816 1868
1816 2339
1816 2363
1817 2079
1817 2215
1818 2607
1819 2227
1819 2570
1819 2955
1820 1909
1823 2836
1825 2303
1825 2341
1825 2674
1827 2042
1827 2829
1828 2747
1829 2185
1829 2901
1830 2512
1833 2660
1834 1944
1835 2473
1836 2428
1837 2357
1838 1917
1838 2489
1838 2938
1839 1895
1841 2163
1841 2174
1842 2977
1845 2094
1845 2795
1848 2394
1849 2138
1850 2889
1851 2758
1852 2382
1853 2892
1855 1942
1855 2859
1856 2045
1857 2140
1857 2450
1857 2978
1858 2568
1862 2232
1863 2133
1865 1891
1865 2455
1865 2572
1866 1986
1866 2038
1867 2531
1868 2451
1870 2838
1870 2928
1870 2940
1872 2150
1872 2205
1872 2225
1872 2238
1872 2644
1872 2696
1873 2077
1875 2154
1875 2829
1880 2494
1883 2375
1883 2950
1884 1953
1884 2151
1884 2547
1885 2152
1885 2685
1886 2103
1886 2882
1889 2514
1890 1952
1890 2324
1891 2605
1895 2985
1896 2127
1896 2569
1896 2688
1897 2864
1902 1922
1902 2462
1903 2736
1904 2468
1906 1996
1908 2145
1909 2110
1909 2143
1909 2688
1910 2845
1911 2011
1911 2040
1911 2472
1913 2248
1916 2274
1918 2460
1918 2817
1918 2937
1920 2193
1920 2252
1920 2804
1921 2362
1922 2460
1923 2615
1924 2409
1924 2806
1925 2391
1926 2346
1928 2788
1931 2123
1933 2412
1934 1947
1934 2050
1934 2178
1935 2329
1935 2695
1935 2749
1936 2183
1936 2314
1936 2998
1937 2189
1937 2486
1939 2643
1941 1959
1941 2274
1942 2409
1942 2713
1944 2673
1946 2208
1946 2509
1947 2219
1947 2835
1947 2883
1951 2558
1951 2764
1951 2859
1954 2121
1954 2931
1955 2799
1957 2830
1963 2201
1964 2102
1964 2491
1964 2515
1964 2767
1964 2991
1965 2135
1965 2236
1966 2545
1968 2348
1969 2136
1969 2677
1972 2926
1973 2689
1974 2241
1975 2778
1976 2345
1976 2554
1976 2621
1978 2402
1979 1997
1980 2560
1981 2876
1982 2445
1982 2865
1983 2389
1984 2380
1984 2450
1984 2573
1987 2392
1988 2080
1989 2095
1989 2712
1989 2994
1992 2448
1992 2728
1994 2102
1994 2385
1995 2370
1997 2065
1997 2596
1997 2724
1997 2995
1998 2335
2000 2380
2001 2963
2002 2792
2003 2575
2004 2084
2007 2021
2007 2284
2007 2426
2008 2137
2008 2361
2008 2664
2010 2819
2012 2216
2013 2597
2016 2805
2019 2679
2021 2061
2022 2088
2023 2750
2023 2981
2024 2275
2025 2240
2026 2544
2027 2204
2027 2670
2030 2270
2034 2496
2035 2929
2037 2335
2038 2290
2040 2183
2041 2393
2041 2446
2041 2701
2051 2476
2054 2254
2054 2329
2054 2391
2054 2598
2054 2882
2054 2904
2062 2985
2066 2428
2067 2734
2068 2242
2068 2627
2068 2710
2070 2920
2071 2595
2071 2707
2075 2103
2075 2680
2076 2824
2077 2723
2080 2662
2082 2317
2084 2126
2087 2406
2088 2866
2089 2893
2089 2894
2090 2250
2091 2672
2092 2643
2097 2443
2097 2963
2099 2443
2100 2532
2100 2840
2101 2795
2106 2115
2106 2573
2106 2874
2106 2945
2109 2759
2111 2313
2111 2379
2111 2638
2113 2379
2113 2675
2117 2277
2117 2871
2119 2841
2121 2548
2125 2127
2130 2503
2136 2394
2138 2576
2139 2862
2141 2519
2142 2553
2144 2899
2145 2690
2147 2425
2151 2873
2152 2219
2153 2949
2154 2380
2154 2555
2154 2769
2159 2717
2165 2984
2166 3000
2168 2751
2170 2726
2172 2673
2172 2832
2175 2326
2176 2414
2176 2457
2176 2524
2176 2839
2178 2507
2178 2609
2180 2660
2180 2722
2181 2372
2182 2386
2184 2268
2184 2461
2188 2423
2188 2432
2191 2849
2191 2962
2192 2619
2192 2638
2194 2373
2195 2241
2195 2677
2197 2972
2200 2622
2206 2599
2207 2315
2207 2655
2209 2301
2211 2341
2211 2766
2212 2794
2213 2779
2214 2273
2214 2403
2214 2540
2215 2239
2221 2820
2224 2505
2225 2885
2225 2975
2226 2366
2228 2440
2231 2966
2232 2488
2233 2817
2234 2864
2234 2940
2234 2958
2235 2336
2236 2772
2237 2616
2237 2883
2238 2503
2240 2331
2240 2549
2242 2919
2243 2717
2245 2864
2247 2276
2249 2317
2249 2363
2250 2397
2250 2424
2250 2481
2251 2561
2251 2581
2254 2395
2259 2747
2261 2460
2261 2867
2263 2659
2263 2688
2264 2602
2265 2980
2267 2666
2268 2505
2270 2366
2270 2833
2278 2284
2280 2898
2281 2362
2281 2805
2288 2575
2289 2744
2292 2749
2294 2469
2295 2548
2297 2324
2297 2629
2300 2350
2301 2432
2306 2968
2310 2433
2311 2910
2317 2882
2318 2924
2322 2337
2323 2742
2323 2934
2324 2598
2324 2979
2331 2506
2332 2357
2332 2526
2334 2921
2335 2651
2338 2750
2338 2996
2339 2461
2341 2960
2343 2700
2345 2423
2345 2453
2346 2640
2349 2695
2352 2496
2354 2515
2355 2570
2356 2373
2356 2416
2357 2500
2361 2585
2361 2758
2366 2608
2369 2848
2370 2422
2374 2506
2378 2925
2379 2859
2381 2592
2382 2615
2384 2813
2386 2980
2387 2494
2387 2821
2397 2583
2400 2421
2407 2480
2413 2857
2416 2802
2427 2709
2428 2604
2428 2709
2428 2804
2437 2762
2438 2536
2443 2586
2447 2609
2456 2570
2456 2884
2458 2875
2459 2540
2468 2952
2469 2920
2469 2971
2471 2868
2472 2966
2480 2591
2482 2617
2486 2701
2489 2581
2489 2847
2490 2875
2492 2571
2492 2879
2493 2523
2496 2756
2496 2844
2497 2989
2498 2853
2500 2630
2502 2633
2504 2823
2504 2917
2505 2714
2511 2721
2514 2767
2516 2814
2517 2523
2522 2794
2523 2707
2523 2809
2523 2867
2526 2818
2526 2985
2529 2625
2531 2909
2533 2537
2534 2745
2538 2755
2547 2584
2547 2965
2548 2959
2550 2874
2551 2837
2553 2837
2560 2636
2565 2576
2565 2594
2568 2984
2572 2971
2574 2689
2575 2913
2582 2781
2591 2651
2591 2825
2599 2843
2600 2734
2605 2897
2610 2828
2613 2974
2617 2701
2617 2916
2618 2845
2619 2674
2627 2852
2629 2927
2632 2706
2634 2653
2650 2708
2651 2743
2651 2856
2657 2760
2658 2846
2666 2941
2673 2887
2673 2912
2683 2783
2703 2926
2725 2828
2726 2888
2731 2878
2739 2850
2744 2788
2754 2910
2765 2838
2767 2971
2772 2876
2777 2874
2787 2997
2795 2871
2817 2901
2829 2874
2830 2992
2831 2917
2832 2852
2859 2953
2882 2950
2884 2983
2927 2999
2932 3000
