1 2
1 3
1 4
1 5
1 6
1 7
1 9
1 13
1 16
1 19
1 20
1 22
1 24
1 26
1 29
1 32
1 37
1 55
1 64
1 66
1 69
1 89
1 90
1 91
1 99
1 110
1 121
1 127
1 128
1 129
1 134
1 135
1 137
1 139
1 141
1 167
1 169
1 172
1 176
1 178
1 179
1 195
1 233
1 264
1 268
1 271
1 285
1 301
1 318
1 325
1 333
1 336
1 339
1 344
1 349
1 350
1 362
1 365
1 366
1 370
1 379
1 392
1 395
1 414
1 428
1 437
1 454
1 472
1 496
1 498
1 520
1 550
1 565
1 585
1 586
1 597
1 606
1 611
1 630
1 658
1 662
1 668
1 672
1 677
1 697
1 700
1 721
1 744
1 759
1 788
1 808
1 816
1 845
1 851
1 871
1 874
1 886
1 889
1 892
1 904
1 920
1 949
1 968
1 973
1 994
1 1010
1 1039
1 1046
1 1050
1 1055
1 1072
1 1124
1 1136
1 1138
1 1163
1 1174
1 1184
1 1365
1 1380
1 1383
1 1391
1 1403
1 1412
1 1415
1 1416
1 1574
1 1598
1 1613
1 1623
1 1671
1 1681
1 1697
1 1704
1 1730
1 1784
1 1796
1 1799
1 1818
1 1852
1 1874
1 1966
1 1971
1 2021
1 2025
1 2058
1 2127
1 2131
1 2133
1 2136
1 2158
1 2189
1 2231
1 2241
1 2265
1 2291
1 2307
1 2327
1 2341
1 2378
1 2388
1 2398
1 2450
1 2466
1 2480
1 2534
1 2558
1 2574
1 2589
1 2590
1 2613
1 2705
1 2783
1 2837
1 2869
1 2884
1 2939
1 2978
1 2989
1 3027
1 3042
1 3054
1 3055
1 3094
1 3101
1 3173
1 3180
1 3305
1 3311
1 3318
1 3320
1 3357
1 3394
1 3438
1 3452
1 3470
1 3486
1 3514
1 3575
1 3589
1 3640
1 3671
1 3672
1 3703
1 3727
1 3754
1 3769
1 3800
1 3866
1 3892
1 3895
1 3896
1 3907
1 3923
1 3941
2 6
2 7
2 8
2 9
2 10
2 12
2 14
2 15
2 19
2 22
2 28
2 33
2 37
2 38
2 41
2 46
2 47
2 52
2 60
2 68
2 74
2 75
2 81
2 87
2 92
2 112
2 129
2 143
2 146
2 150
2 153
2 156
2 167
2 180
2 184
2 192
2 204
2 205
2 215
2 218
2 225
2 233
2 239
2 243
2 246
2 253
2 258
2 273
2 294
2 295
2 297
2 327
2 332
2 359
2 383
2 388
2 391
2 393
2 398
2 400
2 416
2 417
2 423
2 425
2 426
2 434
2 444
2 456
2 458
2 469
2 491
2 495
2 502
2 529
2 569
2 589
2 619
2 633
2 649
2 660
2 662
2 664
2 688
2 709
2 760
2 793
2 813
2 841
2 906
2 911
2 914
2 940
2 960
2 1080
2 1115
2 1130
2 1134
2 1152
2 1163
2 1165
2 1180
2 1222
2 1235
2 1254
2 1272
2 1277
2 1280
2 1299
2 1346
2 1353
2 1377
2 1402
2 1423
2 1441
2 1493
2 1573
2 1582
2 1596
2 1613
2 1614
2 1661
2 1678
2 1735
2 1785
2 1810
2 1836
2 1927
2 2002
2 2034
2 2079
2 2087
2 2138
2 2146
2 2169
2 2172
2 2199
2 2278
2 2335
2 2342
2 2343
2 2357
2 2445
2 2495
2 2533
2 2558
2 2563
2 2564
2 2633
2 2675
2 2688
2 2697
2 2698
2 2705
2 2723
2 2757
2 2816
2 2886
2 2908
2 2918
2 2919
2 2953
2 3075
2 3085
2 3202
2 3231
2 3251
2 3329
2 3410
2 3421
2 3435
2 3653
2 3654
2 3722
2 3814
2 3827
2 3832
2 3847
2 3898
2 3969
3 6
3 7
3 8
3 13
3 16
3 17
3 24
3 27
3 31
3 35
3 36
3 50
3 53
3 63
3 64
3 76
3 78
3 80
3 90
3 91
3 103
3 109
3 118
3 127
3 128
3 129
3 138
3 168
3 169
3 197
3 202
3 205
3 220
3 227
3 228
3 233
3 245
3 250
3 259
3 263
3 272
3 295
3 309
3 318
3 330
3 331
3 341
3 357
3 372
3 375
3 402
3 408
3 448
3 452
3 478
3 488
3 501
3 515
3 522
3 555
3 561
3 602
3 603
3 612
3 619
3 624
3 626
3 648
3 697
3 713
3 765
3 785
3 790
3 796
3 804
3 809
3 814
3 924
3 927
3 931
3 959
3 1039
3 1065
3 1075
3 1094
3 1098
3 1107
3 1119
3 1128
3 1178
3 1221
3 1342
3 1372
3 1405
3 1430
3 1457
3 1497
3 1526
3 1553
3 1554
3 1565
3 1575
3 1585
3 1617
3 1624
3 1674
3 1690
3 1722
3 1777
3 1801
3 1803
3 1815
3 1844
3 1910
3 1986
3 2008
3 2065
3 2091
3 2136
3 2145
3 2210
3 2219
3 2247
3 2267
3 2331
3 2367
3 2396
3 2401
3 2445
3 2490
3 2493
3 2504
3 2552
3 2582
3 2584
3 2603
3 2620
3 2644
3 2653
3 2677
3 2697
3 2712
3 2877
3 2907
3 2970
3 3056
3 3107
3 3111
3 3193
3 3258
3 3301
3 3305
3 3314
3 3317
3 3350
3 3421
3 3441
3 3468
3 3495
3 3627
3 3690
3 3834
4 6
4 9
4 12
4 17
4 19
4 22
4 23
4 31
4 41
4 43
4 45
4 98
4 112
4 171
4 178
4 193
4 224
4 230
4 256
4 311
4 324
4 367
4 481
4 495
4 555
4 595
4 635
4 661
4 691
4 736
4 748
4 768
4 782
4 793
4 884
4 911
4 937
4 945
4 961
4 977
4 1006
4 1123
4 1356
4 1469
4 1482
4 1507
4 1556
4 1580
4 1642
4 1812
4 1895
4 1916
4 2182
4 2202
4 2255
4 2260
4 2303
4 2431
4 2441
4 2480
4 2540
4 2741
4 2875
4 2887
4 2888
4 2927
4 3021
4 3086
4 3113
4 3225
4 3307
4 3309
4 3368
4 3371
4 3427
4 3498
4 3663
4 3811
4 3909
4 3934
4 3940
5 8
5 15
5 32
5 60
5 61
5 71
5 158
5 174
5 191
5 252
5 270
5 363
5 449
5 556
5 659
5 835
5 881
5 997
5 1120
5 1143
5 1177
5 1497
5 1525
5 1632
5 2084
5 2140
5 2256
5 2416
5 2422
5 2430
5 2440
5 2618
5 2734
5 2795
5 2965
5 2995
5 3015
5 3471
5 3715
5 3735
6 7
6 8
6 10
6 11
6 13
6 14
6 20
6 23
6 25
6 26
6 28
6 29
6 30
6 37
6 39
6 41
6 43
6 44
6 48
6 53
6 61
6 67
6 68
6 76
6 79
6 93
6 103
6 104
6 114
6 122
6 125
6 134
6 137
6 139
6 140
6 150
6 153
6 167
6 173
6 183
6 185
6 187
6 192
6 193
6 197
6 208
6 218
6 231
6 233
6 252
6 261
6 275
6 279
6 280
6 284
6 285
6 286
6 298
6 304
6 305
6 328
6 330
6 331
6 333
6 354
6 363
6 378
6 410
6 411
6 429
6 444
6 447
6 484
6 489
6 491
6 510
6 515
6 517
6 524
6 528
6 583
6 585
6 601
6 639
6 675
6 677
6 683
6 693
6 703
6 706
6 720
6 731
6 734
6 747
6 748
6 749
6 772
6 799
6 806
6 829
6 838
6 839
6 844
6 845
6 846
6 871
6 880
6 889
6 898
6 922
6 939
6 954
6 979
6 1027
6 1044
6 1068
6 1083
6 1085
6 1090
6 1120
6 1121
6 1148
6 1154
6 1167
6 1235
6 1251
6 1261
6 1276
6 1313
6 1319
6 1330
6 1338
6 1341
6 1350
6 1371
6 1453
6 1529
6 1553
6 1557
6 1562
6 1575
6 1576
6 1607
6 1608
6 1624
6 1716
6 1719
6 1721
6 1727
6 1740
6 1766
6 1780
6 1794
6 1820
6 1865
6 1912
6 1923
6 1957
6 1980
6 1998
6 2036
6 2067
6 2070
6 2152
6 2187
6 2268
6 2278
6 2297
6 2328
6 2332
6 2333
6 2386
6 2427
6 2434
6 2478
6 2488
6 2491
6 2573
6 2633
6 2636
6 2676
6 2688
6 2785
6 2801
6 2827
6 2840
6 2873
6 2936
6 2938
6 2947
6 3063
6 3065
6 3109
6 3111
6 3117
6 3136
6 3141
6 3185
6 3205
6 3234
6 3337
6 3368
6 3391
6 3412
6 3526
6 3558
6 3605
6 3616
6 3629
6 3669
6 3683
6 3750
6 3868
6 3900
6 3901
6 3969
7 10
7 11
7 12
7 16
7 17
7 18
7 23
7 26
7 40
7 48
7 49
7 54
7 57
7 63
7 66
7 67
7 71
7 80
7 106
7 109
7 110
7 118
7 123
7 158
7 170
7 174
7 177
7 180
7 203
7 208
7 232
7 235
7 239
7 244
7 249
7 254
7 272
7 277
7 287
7 294
7 306
7 318
7 327
7 335
7 357
7 359
7 365
7 373
7 374
7 383
7 385
7 437
7 451
7 466
7 533
7 546
7 568
7 579
7 586
7 588
7 592
7 605
7 607
7 620
7 623
7 664
7 677
7 707
7 712
7 724
7 741
7 795
7 818
7 820
7 829
7 844
7 875
7 907
7 940
7 948
7 954
7 967
7 985
7 1007
7 1015
7 1028
7 1029
7 1033
7 1036
7 1127
7 1146
7 1161
7 1163
7 1184
7 1196
7 1226
7 1239
7 1256
7 1276
7 1300
7 1302
7 1317
7 1355
7 1359
7 1372
7 1394
7 1405
7 1417
7 1431
7 1455
7 1467
7 1519
7 1540
7 1548
7 1550
7 1567
7 1573
7 1614
7 1653
7 1704
7 1778
7 1809
7 1811
7 1839
7 1856
7 1873
7 1932
7 1980
7 1985
7 1999
7 2013
7 2046
7 2054
7 2083
7 2088
7 2101
7 2115
7 2128
7 2141
7 2203
7 2254
7 2318
7 2325
7 2326
7 2331
7 2529
7 2540
7 2543
7 2568
7 2601
7 2609
7 2672
7 2682
7 2715
7 2720
7 2737
7 2768
7 2797
7 2808
7 2822
7 2823
7 2837
7 2842
7 2974
7 2992
7 3013
7 3041
7 3137
7 3163
7 3216
7 3219
7 3426
7 3456
7 3458
7 3592
7 3605
7 3659
7 3682
7 3721
7 3875
7 3928
7 3935
7 3939
7 3958
8 9
8 13
8 18
8 25
8 33
8 47
8 50
8 52
8 53
8 58
8 65
8 87
8 95
8 101
8 102
8 126
8 127
8 136
8 152
8 160
8 171
8 183
8 187
8 189
8 267
8 276
8 278
8 337
8 346
8 366
8 371
8 383
8 420
8 476
8 518
8 528
8 616
8 618
8 763
8 810
8 851
8 875
8 930
8 965
8 986
8 1028
8 1139
8 1155
8 1173
8 1278
8 1313
8 1586
8 1588
8 1643
8 1685
8 1715
8 1724
8 1736
8 1771
8 1814
8 1819
8 1829
8 1879
8 1921
8 1976
8 2067
8 2076
8 2147
8 2336
8 2443
8 2474
8 2577
8 2587
8 2657
8 2701
8 2934
8 3248
8 3291
8 3380
8 3396
8 3485
8 3554
8 3845
8 3862
8 3892
9 10
9 11
9 12
9 18
9 19
9 20
9 27
9 30
9 33
9 34
9 55
9 58
9 72
9 79
9 80
9 102
9 111
9 114
9 155
9 157
9 159
9 216
9 238
9 241
9 251
9 265
9 267
9 329
9 353
9 377
9 391
9 414
9 416
9 424
9 428
9 430
9 433
9 435
9 436
9 483
9 535
9 607
9 610
9 627
9 632
9 638
9 656
9 686
9 696
9 706
9 742
9 750
9 773
9 883
9 892
9 1005
9 1022
9 1024
9 1048
9 1059
9 1078
9 1079
9 1091
9 1092
9 1094
9 1164
9 1203
9 1233
9 1245
9 1311
9 1318
9 1339
9 1353
9 1415
9 1486
9 1526
9 1552
9 1580
9 1583
9 1596
9 1626
9 1647
9 1711
9 1746
9 1787
9 1811
9 1819
9 1878
9 1883
9 1983
9 1996
9 2007
9 2057
9 2103
9 2144
9 2170
9 2248
9 2259
9 2266
9 2308
9 2318
9 2440
9 2589
9 2609
9 2622
9 2628
9 2630
9 2667
9 2694
9 2760
9 2767
9 2810
9 2835
9 2845
9 2859
9 2875
9 2893
9 2895
9 2952
9 3011
9 3051
9 3099
9 3135
9 3136
9 3232
9 3245
9 3402
9 3498
9 3551
9 3605
9 3767
9 3801
9 3872
10 11
10 21
10 26
10 149
10 258
10 340
10 450
10 757
10 805
10 811
10 840
10 1051
10 1078
10 1117
10 1198
10 1247
10 1261
10 1333
10 1336
10 1454
10 1464
10 1662
10 1688
10 1798
10 1808
10 1831
10 1876
10 1925
10 1997
10 2022
10 2242
10 2681
10 2774
10 2810
10 3090
10 3249
10 3453
10 3463
10 3539
11 14
11 22
11 34
11 35
11 42
11 47
11 49
11 54
11 56
11 123
11 249
11 281
11 286
11 301
11 310
11 346
11 351
11 556
11 563
11 570
11 580
11 634
11 686
11 718
11 749
11 867
11 892
11 893
11 963
11 1038
11 1081
11 1085
11 1109
11 1133
11 1148
11 1292
11 1316
11 1418
11 1669
11 1670
11 1679
11 1748
11 1789
11 1823
11 1826
11 1830
11 1853
11 1909
11 1963
11 1975
11 2269
11 2390
11 2409
11 2462
11 2540
11 2692
11 2745
11 2759
11 2767
11 2785
11 2946
11 3060
11 3155
11 3199
11 3232
11 3242
11 3281
11 3568
11 3721
12 14
12 15
12 18
12 21
12 35
12 36
12 40
12 43
12 45
12 51
12 59
12 77
12 97
12 117
12 139
12 147
12 172
12 184
12 198
12 204
12 236
12 293
12 323
12 341
12 351
12 371
12 409
12 419
12 433
12 469
12 482
12 497
12 529
12 534
12 539
12 559
12 571
12 592
12 640
12 669
12 836
12 854
12 855
12 939
12 1004
12 1053
12 1068
12 1212
12 1232
12 1262
12 1279
12 1317
12 1320
12 1331
12 1390
12 1419
12 1495
12 1605
12 1645
12 1659
12 1660
12 1683
12 1714
12 1902
12 1931
12 1936
12 1958
12 1983
12 2086
12 2225
12 2275
12 2306
12 2513
12 2650
12 2723
12 2902
12 2921
12 2929
12 3010
12 3058
12 3123
12 3159
12 3188
12 3226
12 3275
12 3307
12 3344
12 3353
12 3411
12 3442
12 3459
12 3515
12 3667
12 3736
12 3897
12 3965
13 21
13 46
13 53
13 71
13 78
13 88
13 110
13 118
13 133
13 194
13 196
13 225
13 262
13 263
13 274
13 277
13 298
13 312
13 317
13 339
13 349
13 350
13 358
13 376
13 381
13 389
13 432
13 452
13 473
13 527
13 552
13 553
13 601
13 640
13 644
13 670
13 716
13 742
13 800
13 926
13 944
13 954
13 1056
13 1071
13 1241
13 1272
13 1293
13 1384
13 1429
13 1510
13 1782
13 1917
13 1989
13 2039
13 2246
13 2261
13 2456
13 2478
13 2623
13 2630
13 2664
13 2916
13 3064
13 3130
13 3207
13 3244
13 3529
13 3649
13 3795
13 3991
14 15
14 24
14 25
14 28
14 29
14 33
14 34
14 52
14 73
14 97
14 98
14 111
14 125
14 211
14 213
14 226
14 236
14 256
14 258
14 281
14 302
14 308
14 318
14 349
14 356
14 408
14 448
14 479
14 547
14 589
14 658
14 715
14 823
14 866
14 871
14 912
14 926
14 942
14 988
14 1006
14 1013
14 1019
14 1037
14 1042
14 1358
14 1461
14 1463
14 1505
14 1551
14 1553
14 1827
14 1865
14 1880
14 1961
14 2154
14 2180
14 2247
14 2387
14 2462
14 2474
14 2616
14 2632
14 2896
14 2909
14 2918
14 3093
14 3103
14 3210
14 3537
14 3697
14 3705
14 3714
14 3738
14 3823
15 16
15 17
15 27
15 31
15 40
15 55
15 64
15 72
15 89
15 92
15 108
15 113
15 115
15 124
15 135
15 154
15 166
15 175
15 188
15 212
15 225
15 240
15 244
15 269
15 274
15 276
15 327
15 328
15 407
15 409
15 425
15 482
15 499
15 536
15 571
15 863
15 922
15 938
15 1122
15 1192
15 1200
15 1324
15 1377
15 1474
15 1528
15 1761
15 1861
15 1902
15 2028
15 2040
15 2108
15 2176
15 2233
15 2294
15 2329
15 2489
15 2553
15 2849
15 2860
15 2861
15 2999
15 3017
15 3042
15 3330
15 3384
15 3488
15 3682
15 3910
15 3960
16 20
16 25
16 28
16 32
16 38
16 44
16 62
16 100
16 155
16 212
16 218
16 229
16 355
16 387
16 402
16 473
16 632
16 650
16 729
16 811
16 852
16 866
16 868
16 983
16 1012
16 1444
16 1450
16 1574
16 1577
16 1651
16 1777
16 1883
16 2002
16 2004
16 2123
16 2181
16 2329
16 2330
16 2376
16 2416
16 2480
16 2494
16 2545
16 2632
16 2695
16 2747
16 2787
16 2899
16 3192
16 3204
16 3231
16 3294
16 3348
16 3462
16 3590
16 3654
16 3676
16 3680
16 3684
16 3713
17 27
17 30
17 57
17 59
17 63
17 69
17 77
17 81
17 94
17 115
17 126
17 162
17 227
17 251
17 259
17 261
17 286
17 333
17 337
17 373
17 377
17 420
17 428
17 452
17 543
17 547
17 590
17 621
17 657
17 660
17 707
17 806
17 901
17 928
17 941
17 1035
17 1055
17 1217
17 1322
17 1357
17 1472
17 1476
17 1545
17 1664
17 1672
17 1719
17 1852
17 1859
17 1904
17 1943
17 1990
17 2155
17 2170
17 2318
17 2394
17 2534
17 2585
17 2654
17 2741
17 2750
17 2771
17 2786
17 3033
17 3198
17 3236
17 3243
17 3354
17 3524
17 3551
17 3772
18 23
18 39
18 75
18 92
18 95
18 102
18 107
18 193
18 198
18 200
18 207
18 220
18 282
18 329
18 487
18 488
18 547
18 642
18 681
18 805
18 820
18 843
18 878
18 1123
18 1176
18 1288
18 1318
18 1361
18 1406
18 1420
18 1541
18 1702
18 1744
18 1901
18 1942
18 2062
18 2073
18 2098
18 2107
18 2240
18 2271
18 2437
18 2455
18 2676
18 2711
18 2749
18 2887
18 2895
18 3299
18 3316
18 3401
18 3510
18 3730
18 3887
19 46
19 47
19 72
19 78
19 91
19 96
19 130
19 195
19 200
19 212
19 223
19 279
19 287
19 406
19 439
19 446
19 483
19 514
19 590
19 594
19 676
19 784
19 956
19 1018
19 1039
19 1066
19 1102
19 1205
19 1211
19 1312
19 1364
19 1388
19 1488
19 1638
19 1712
19 1913
19 1925
19 1941
19 1971
19 1983
19 2042
19 2178
19 2216
19 2352
19 2624
19 2663
19 2729
19 2812
19 2897
19 3036
19 3220
19 3556
19 3688
19 3789
19 3940
20 21
20 24
20 32
20 71
20 75
20 81
20 96
20 99
20 161
20 172
20 194
20 221
20 234
20 260
20 292
20 326
20 448
20 455
20 457
20 583
20 618
20 758
20 832
20 857
20 861
20 1035
20 1053
20 1078
20 1118
20 1136
20 1195
20 1376
20 1396
20 1418
20 1485
20 1521
20 1800
20 2006
20 2041
20 2148
20 2518
20 2555
20 2594
20 2672
20 3132
20 3329
20 3510
20 3529
21 38
21 43
21 52
21 119
21 120
21 135
21 136
21 201
21 243
21 287
21 308
21 371
21 540
21 580
21 604
21 681
21 717
21 890
21 918
21 1000
21 1006
21 1214
21 1387
21 1423
21 1506
21 1858
21 2028
21 2165
21 2319
21 2512
21 2654
21 2730
21 2887
21 2924
21 3129
21 3325
21 3328
21 3355
21 3477
21 3912
21 3995
22 31
22 42
22 56
22 57
22 60
22 62
22 73
22 77
22 85
22 120
22 123
22 124
22 132
22 141
22 142
22 170
22 188
22 250
22 266
22 273
22 276
22 289
22 305
22 338
22 352
22 397
22 400
22 406
22 422
22 455
22 458
22 470
22 475
22 504
22 519
22 576
22 613
22 701
22 708
22 771
22 909
22 931
22 956
22 974
22 1023
22 1056
22 1169
22 1175
22 1217
22 1320
22 1344
22 1351
22 1457
22 1464
22 1492
22 1536
22 1538
22 1586
22 1613
22 1615
22 1658
22 1694
22 1735
22 1749
22 1758
22 1798
22 1799
22 2022
22 2023
22 2064
22 2096
22 2214
22 2215
22 2230
22 2323
22 2350
22 2387
22 2396
22 2451
22 2628
22 2669
22 2709
22 2783
22 2900
22 3098
22 3105
22 3114
22 3118
22 3154
22 3217
22 3271
22 3292
22 3298
22 3421
22 3450
22 3534
22 3566
22 3577
22 3605
22 3612
22 3780
23 59
23 121
23 145
23 224
23 326
23 381
23 391
23 397
23 533
23 623
23 695
23 755
23 817
23 1085
23 1297
23 1335
23 1393
23 1500
23 1592
23 2198
23 2259
23 2452
23 2580
23 2656
23 3365
23 3391
23 3423
23 3719
23 3860
24 44
24 104
24 114
24 166
24 206
24 229
24 513
24 803
24 958
24 1086
24 1097
24 1102
24 1139
24 1758
24 1907
24 1931
24 1946
24 2106
24 2765
24 2775
24 2814
24 2833
24 2922
24 3901
25 29
25 40
25 51
25 55
25 79
25 105
25 111
25 115
25 189
25 196
25 211
25 242
25 249
25 268
25 345
25 386
25 442
25 485
25 502
25 503
25 560
25 631
25 634
25 709
25 769
25 784
25 867
25 1054
25 1195
25 1299
25 1321
25 1450
25 1481
25 1539
25 1542
25 1891
25 2017
25 2039
25 2149
25 2171
25 2226
25 2321
25 2345
25 2464
25 2567
25 2597
25 2632
25 2847
25 2981
25 3162
25 3210
25 3223
25 3330
25 3346
25 3474
25 3707
25 3746
25 3979
26 30
26 35
26 156
26 158
26 185
26 294
26 346
26 544
26 569
26 674
26 689
26 716
26 793
26 878
26 956
26 1061
26 1126
26 1141
26 1481
26 1753
26 1958
26 2061
26 2212
26 2771
26 2886
26 2970
26 3026
26 3228
26 3338
26 3496
26 3685
26 3771
26 3861
27 34
27 39
27 50
27 51
27 56
27 66
27 68
27 69
27 106
27 117
27 138
27 166
27 290
27 430
27 433
27 520
27 612
27 636
27 665
27 680
27 768
27 872
27 936
27 1112
27 1217
27 1316
27 1389
27 1465
27 1492
27 1752
27 1779
27 1967
27 2015
27 2042
27 2236
27 2579
27 2751
27 2876
27 3331
27 3797
27 3883
28 44
28 61
28 77
28 93
28 99
28 146
28 160
28 186
28 204
28 226
28 235
28 275
28 338
28 404
28 421
28 468
28 525
28 620
28 665
28 734
28 799
28 811
28 816
28 877
28 916
28 1075
28 1116
28 1135
28 1139
28 1244
28 1267
28 1289
28 1300
28 1324
28 1328
28 1334
28 1335
28 1431
28 1560
28 1924
28 1982
28 2009
28 2180
28 2212
28 2290
28 2364
28 2436
28 2454
28 2611
28 2799
28 2844
28 2850
28 3306
28 3429
28 3462
28 3525
28 3549
28 3701
28 3709
28 3720
29 36
29 46
29 54
29 59
29 88
29 116
29 130
29 150
29 204
29 281
29 322
29 352
29 375
29 401
29 432
29 439
29 467
29 490
29 524
29 525
29 541
29 559
29 608
29 647
29 723
29 767
29 789
29 823
29 906
29 953
29 1002
29 1028
29 1068
29 1087
29 1157
29 1205
29 1286
29 1301
29 1308
29 1324
29 1380
29 1510
29 1620
29 1627
29 1751
29 1941
29 2067
29 2092
29 2782
29 2916
29 2986
29 3194
29 3337
29 3539
29 3551
29 3739
29 3747
29 3984
30 36
30 37
30 39
30 48
30 67
30 73
30 115
30 162
30 165
30 194
30 228
30 238
30 243
30 278
30 297
30 324
30 329
30 376
30 394
30 427
30 453
30 467
30 496
30 499
30 514
30 549
30 551
30 571
30 625
30 648
30 682
30 704
30 729
30 771
30 794
30 863
30 915
30 1032
30 1054
30 1124
30 1159
30 1248
30 1407
30 1428
30 1465
30 1479
30 1514
30 1678
30 1807
30 1825
30 1853
30 1870
30 1878
30 1922
30 2151
30 2165
30 2170
30 2286
30 2714
30 2798
30 2804
30 2878
30 2937
30 2986
30 2993
30 3201
30 3218
30 3443
30 3514
30 3517
30 3561
30 3630
30 3725
30 3821
30 3894
30 3899
31 42
31 45
31 83
31 84
31 151
31 173
31 214
31 241
31 292
31 364
31 499
31 572
31 573
31 656
31 678
31 734
31 833
31 1097
31 1223
31 1378
31 1404
31 1551
31 1616
31 1882
31 1961
31 1977
31 2116
31 2154
31 2234
31 2240
31 2345
31 2690
31 2757
31 3027
31 3035
31 3668
31 3731
31 3765
32 42
32 45
32 61
32 66
32 92
32 163
32 210
32 566
32 581
32 709
32 746
32 1077
32 1113
32 1153
32 1220
32 1270
32 1303
32 1315
32 1427
32 1739
32 1773
32 2468
32 2532
32 2555
32 2760
32 2885
32 3115
32 3168
32 3594
32 3614
32 3788
32 3886
33 161
33 195
33 228
33 232
33 268
33 277
33 288
33 328
33 351
33 380
33 418
33 441
33 595
33 656
33 660
33 937
33 976
33 1059
33 1224
33 1515
33 1804
33 1908
33 1920
33 2189
33 2213
33 2237
33 2264
33 2538
33 2617
33 2683
33 2778
33 3169
33 3215
33 3370
33 3784
34 41
34 154
34 176
34 202
34 568
34 764
34 802
34 810
34 854
34 1075
34 2484
35 363
35 481
35 622
35 688
35 799
35 924
35 952
35 1083
35 1449
35 1495
35 2480
35 3259
35 3877
36 105
36 168
36 176
36 187
36 237
36 249
36 546
36 1124
36 1129
36 1240
36 1258
36 1571
36 1906
36 1975
36 2033
36 2371
36 2645
36 2834
36 3046
36 3354
36 3541
36 3628
36 3770
36 3980
37 38
37 81
37 82
37 86
37 94
37 117
37 162
37 303
37 343
37 344
37 380
37 401
37 454
37 663
37 720
37 778
37 780
37 793
37 849
37 927
37 1073
37 1140
37 1241
37 1330
37 1356
37 1406
37 1598
37 1697
37 1757
37 1849
37 2056
37 2183
37 2339
37 2536
37 2798
37 3002
37 3110
37 3446
37 3473
37 3813
37 3820
37 3843
37 3873
37 3908
37 3912
37 3915
38 51
38 65
38 68
38 72
38 86
38 87
38 101
38 102
38 124
38 148
38 170
38 177
38 179
38 190
38 244
38 299
38 308
38 400
38 445
38 459
38 728
38 930
38 1004
38 1077
38 1167
38 1227
38 1232
38 1305
38 1310
38 1445
38 1470
38 1588
38 1715
38 1849
38 1854
38 1924
38 1976
38 1993
38 2153
38 2447
38 2517
38 2623
38 2758
38 2769
38 2802
38 2867
38 3007
38 3088
38 3196
38 3238
38 3265
38 3274
38 3300
38 3404
38 3563
38 3648
38 3808
38 3818
39 58
39 109
39 327
39 392
39 1153
39 1442
39 1929
39 1988
39 2182
39 2982
39 3084
39 3237
39 3383
40 48
40 58
40 86
40 96
40 136
40 208
40 324
40 369
40 404
40 415
40 430
40 449
40 494
40 521
40 549
40 647
40 728
40 749
40 761
40 816
40 909
40 1008
40 1128
40 1345
40 1435
40 1607
40 1732
40 1832
40 1835
40 2068
40 2152
40 2232
40 2546
40 2955
40 3015
40 3016
40 3129
40 3348
40 3458
40 3709
41 93
41 187
41 315
41 440
41 454
41 525
41 526
41 1089
41 1347
41 1496
41 1568
41 1655
41 1873
41 1881
41 2044
41 2558
41 3716
42 67
42 70
42 89
42 112
42 147
42 169
42 223
42 226
42 282
42 315
42 341
42 343
42 348
42 372
42 432
42 451
42 461
42 503
42 596
42 682
42 700
42 721
42 879
42 1073
42 1164
42 1166
42 1218
42 1331
42 1534
42 1602
42 1803
42 1855
42 2021
42 2360
42 2420
42 2428
42 2443
42 2450
42 2725
42 2907
42 3115
42 3422
42 3469
42 3493
42 3581
42 3651
42 3798
42 3904
42 3948
43 82
43 84
43 159
43 192
43 231
43 353
43 462
43 646
43 857
43 1061
43 1223
43 1271
43 1400
43 1443
43 1448
43 1480
43 1562
43 1637
43 1740
43 1864
43 1903
43 1932
43 1957
43 1995
43 2027
43 2313
43 2367
43 2541
43 2609
43 2613
43 2822
43 2858
43 3053
43 3071
43 3363
43 3400
43 3683
43 3804
44 49
44 63
44 65
44 74
44 88
44 107
44 111
44 184
44 325
44 351
44 368
44 383
44 389
44 420
44 429
44 445
44 490
44 579
44 651
44 701
44 796
44 809
44 936
44 986
44 1355
44 1383
44 1396
44 1422
44 1436
44 1544
44 1652
44 1699
44 1814
44 1827
44 1930
44 2026
44 2227
44 2574
44 2620
44 2624
44 2836
44 2900
44 2997
44 3056
44 3295
44 3413
44 3460
44 3493
44 3735
44 3804
44 3805
45 215
45 279
45 348
45 429
45 600
45 652
45 1138
45 1319
45 1729
45 2211
45 3670
46 73
46 122
46 126
46 132
46 151
46 214
46 219
46 232
46 274
46 293
46 412
46 508
46 700
46 1069
46 1093
46 1137
46 1235
46 1248
46 1660
46 1740
46 1782
46 1937
46 2035
46 2191
46 2502
46 3268
46 3277
46 3289
46 3463
46 3628
46 3655
46 3938
46 3944
47 50
47 62
47 70
47 74
47 90
47 93
47 95
47 208
47 280
47 314
47 319
47 500
47 526
47 588
47 670
47 698
47 736
47 853
47 861
47 875
47 1144
47 1415
47 1589
47 1592
47 1765
47 1825
47 1898
47 1917
47 2181
47 2417
47 2456
47 2537
47 2650
47 2660
47 2913
47 2974
47 3097
47 3111
47 3225
47 3665
47 3974
48 49
48 69
48 83
48 104
48 123
48 142
48 161
48 163
48 175
48 288
48 289
48 293
48 358
48 399
48 411
48 434
48 441
48 487
48 513
48 606
48 638
48 652
48 675
48 772
48 776
48 804
48 815
48 818
48 824
48 839
48 869
48 944
48 964
48 1007
48 1034
48 1071
48 1089
48 1115
48 1375
48 1447
48 1457
48 1506
48 1572
48 1668
48 1742
48 1803
48 1881
48 1903
48 2008
48 2047
48 2061
48 2281
48 2327
48 2376
48 2476
48 2511
48 2515
48 2732
48 2959
48 3166
48 3279
48 3309
48 3502
48 3584
48 3626
48 3814
48 3844
48 3858
48 3903
48 3963
48 3964
49 57
49 91
49 145
49 158
49 214
49 280
49 415
49 657
49 786
49 1010
49 1109
49 1115
49 1212
49 1432
49 1439
49 1646
49 1867
49 1893
49 1995
49 2169
49 2385
49 2528
49 2916
49 2982
49 3339
49 3692
50 80
50 82
50 119
50 140
50 149
50 156
50 181
50 183
50 206
50 248
50 254
50 293
50 299
50 368
50 387
50 556
50 561
50 603
50 643
50 668
50 767
50 921
50 1041
50 1081
50 1106
50 1297
50 1454
50 1487
50 1548
50 1554
50 1571
50 1635
50 1648
50 1852
50 1869
50 2093
50 2220
50 2304
50 2315
50 2423
50 2450
50 2457
50 2598
50 2663
50 2813
50 2882
50 2890
50 3315
50 3326
50 3494
50 3753
50 3972
51 98
51 168
51 255
51 289
51 294
51 479
51 507
51 516
51 541
51 564
51 565
51 567
51 581
51 663
51 783
51 919
51 965
51 1375
51 1431
51 1432
51 1461
51 1468
51 1478
51 1546
51 1620
51 1676
51 1728
51 1783
51 1787
51 1819
51 1890
51 1944
51 2003
51 2294
51 2344
51 2706
51 2863
51 3050
51 3120
51 3294
51 3436
51 3466
51 3619
51 3691
52 54
52 56
52 76
52 97
52 98
52 103
52 116
52 120
52 142
52 144
52 171
52 203
52 210
52 213
52 248
52 424
52 479
52 586
52 669
52 721
52 760
52 776
52 789
52 860
52 868
52 902
52 934
52 1045
52 1075
52 1097
52 1118
52 1196
52 1337
52 1392
52 1430
52 1443
52 1509
52 1750
52 1857
52 2000
52 2022
52 2360
52 2433
52 2434
52 2954
52 3006
52 3010
52 3445
52 3504
52 3561
53 62
53 70
53 83
53 89
53 186
53 288
53 557
53 593
53 650
53 729
53 757
53 1399
53 1521
53 1609
53 1620
53 1638
53 1905
53 1935
53 2108
53 2415
53 2423
53 2476
53 2656
53 2914
53 3186
53 3434
53 3574
53 3587
53 3701
53 3980
54 64
54 137
54 188
54 274
54 488
54 578
54 582
54 662
54 666
54 936
54 1157
54 1161
54 1593
54 1701
54 1724
54 1834
54 1952
54 2134
54 2369
54 2684
54 3076
54 3257
54 3496
54 3680
54 3723
54 3830
55 60
55 79
55 84
55 94
55 157
55 159
55 182
55 201
55 213
55 449
55 504
55 539
55 551
55 561
55 573
55 596
55 608
55 620
55 622
55 884
55 886
55 890
55 966
55 995
55 1060
55 1132
55 1216
55 1283
55 1328
55 1357
55 1401
55 1490
55 1714
55 1720
55 1739
55 1790
55 2113
55 2158
55 2406
55 2549
55 2640
55 3041
55 3407
55 3744
55 3861
56 85
56 186
56 209
56 279
56 283
56 440
56 490
56 568
56 850
56 882
56 982
56 1031
56 1062
56 1171
56 1178
56 1253
56 1361
56 1471
56 1666
56 1688
56 1815
56 1922
56 2054
56 2094
56 2117
56 2363
56 2403
56 2537
56 2570
56 2693
56 2756
56 2800
56 3145
56 3346
56 3719
56 3926
57 84
57 97
57 99
57 106
57 121
57 152
57 273
57 297
57 319
57 412
57 436
57 439
57 746
57 780
57 996
57 1280
57 1408
57 1778
57 1816
57 1854
57 2407
57 2678
57 3187
57 3469
57 3490
57 3621
57 3866
57 3908
58 74
58 107
58 112
58 125
58 230
58 232
58 237
58 291
58 305
58 781
58 973
58 981
58 1043
58 1368
58 1695
58 1716
58 1908
58 2131
58 2401
58 2952
58 3059
58 3694
59 83
59 164
59 200
59 313
59 364
59 425
59 567
59 643
59 714
59 1201
59 1252
59 1360
59 1495
59 1496
59 1708
59 1766
59 1886
59 1956
59 2284
59 2418
59 2489
59 3733
60 70
60 86
60 101
60 106
60 107
60 122
60 165
60 167
60 224
60 405
60 450
60 459
60 492
60 595
60 687
60 847
60 925
60 958
60 1027
60 1206
60 1959
60 2003
60 2378
60 2428
60 2684
60 3065
60 3087
60 3096
60 3190
60 3603
61 88
61 128
61 131
61 134
61 202
61 292
61 347
61 414
61 514
61 536
61 552
61 570
61 739
61 760
61 1064
61 1193
61 1332
61 1770
61 2048
61 2087
61 2114
61 2349
61 2413
61 2507
61 2577
61 2885
61 2979
61 3627
62 156
62 215
62 369
62 506
62 600
62 933
62 1563
62 2752
62 2901
62 3422
63 65
63 75
63 105
63 109
63 140
63 152
63 163
63 181
63 188
63 206
63 216
63 217
63 229
63 290
63 330
63 338
63 345
63 375
63 419
63 438
63 451
63 505
63 511
63 531
63 534
63 543
63 553
63 576
63 591
63 598
63 622
63 628
63 629
63 654
63 685
63 737
63 747
63 753
63 766
63 803
63 809
63 826
63 847
63 850
63 852
63 927
63 973
63 983
63 1034
63 1081
63 1137
63 1188
63 1231
63 1242
63 1282
63 1290
63 1297
63 1351
63 1441
63 1613
63 1671
63 1673
63 1726
63 1768
63 2163
63 2228
63 2353
63 2373
63 2382
63 2567
63 2595
63 2738
63 2752
63 2794
63 2824
63 2844
63 2966
63 3073
63 3102
63 3133
63 3180
63 3216
63 3246
63 3356
63 3592
63 3683
63 3801
63 3809
63 3854
63 3867
63 3981
64 113
64 116
64 132
64 164
64 176
64 190
64 245
64 253
64 256
64 269
64 311
64 385
64 432
64 461
64 500
64 604
64 672
64 675
64 762
64 882
64 965
64 1062
64 1142
64 1252
64 1397
64 1537
64 1577
64 1587
64 1594
64 1789
64 1795
64 1799
64 1885
64 2063
64 2075
64 2112
64 2554
64 2556
64 2638
64 2714
64 2809
64 2939
64 3039
64 3095
64 3205
64 3227
64 3637
64 3920
65 260
65 373
65 385
65 527
65 565
65 601
65 795
65 927
65 1392
65 1431
65 1713
65 2194
65 2285
65 2384
65 2496
65 2931
65 3011
65 3235
65 3909
65 3971
66 76
66 100
66 116
66 438
66 631
66 1047
66 1220
66 1692
66 2328
66 2407
66 2547
66 2694
66 3024
66 3066
66 3339
66 3393
66 3718
66 3887
67 154
67 169
67 181
67 201
67 264
67 395
67 452
67 500
67 548
67 861
67 1201
67 1378
67 1548
67 1680
67 2482
67 3096
67 3156
68 78
68 85
68 386
68 392
68 403
68 410
68 422
68 455
68 475
68 757
68 868
68 943
68 974
68 1049
68 1118
68 1142
68 1204
68 1294
68 1515
68 1615
68 1663
68 1790
68 1883
68 1955
68 2001
68 3588
68 3689
69 85
69 122
69 133
69 372
69 384
69 602
69 808
69 988
69 1052
69 1057
69 1399
69 1591
69 2144
69 2403
69 2623
69 3233
70 87
70 138
70 301
70 304
70 310
70 325
70 360
70 398
70 487
70 818
70 924
70 967
70 1018
70 1409
70 1417
70 1551
70 1822
70 1993
70 2025
70 2225
70 2648
70 2780
70 2867
70 2955
70 3199
70 3274
70 3518
70 3875
70 3896
71 311
71 402
71 535
71 613
71 758
71 780
71 808
71 846
71 1170
71 1299
71 1409
71 1532
71 1829
71 1834
71 1862
71 2292
71 2368
71 2455
71 2605
71 2852
71 3367
71 3878
72 134
72 170
72 224
72 246
72 247
72 264
72 390
72 596
72 902
72 1153
72 1534
72 1812
72 2011
72 3131
72 3298
73 144
73 185
73 290
73 422
73 938
73 955
73 1275
73 1363
73 1519
73 1610
73 1672
73 1727
73 2040
73 2136
73 2264
73 2341
73 2408
73 3037
74 101
74 165
74 173
74 185
74 216
74 218
74 326
74 472
74 506
74 509
74 530
74 638
74 798
74 859
74 1011
74 1260
74 1440
74 1693
74 1827
74 2043
74 2066
74 2095
74 2205
74 2385
74 2777
74 2876
74 2996
74 3035
74 3146
74 3997
75 82
75 96
75 118
75 130
75 142
75 148
75 157
75 163
75 173
75 189
75 217
75 238
75 273
75 340
75 353
75 400
75 426
75 464
75 510
75 583
75 587
75 651
75 732
75 776
75 781
75 890
75 1017
75 1300
75 1302
75 2319
75 2339
75 2503
75 2772
75 2910
75 3039
75 3046
75 3217
75 3247
75 3292
75 3332
75 3472
75 3597
75 3800
76 182
76 199
76 237
76 265
76 284
76 551
76 775
76 903
76 915
76 986
76 1003
76 1055
76 1095
76 1289
76 1599
76 1737
76 2645
76 2773
76 2861
76 2944
76 3517
76 3729
76 3774
76 3897
77 95
77 113
77 144
77 148
77 153
77 215
77 278
77 300
77 320
77 364
77 380
77 423
77 462
77 473
77 485
77 625
77 827
77 1136
77 1163
77 1165
77 1215
77 1572
77 1647
77 1657
77 1793
77 1820
77 2383
77 2637
77 2821
77 2830
77 2927
77 3136
77 3636
77 3764
77 3769
77 3870
78 117
78 429
78 448
78 572
78 901
78 943
78 1100
78 1340
78 1512
78 1868
78 1890
78 2161
78 2196
78 3015
78 3230
78 3316
79 345
79 369
79 445
79 624
79 806
79 818
79 1021
79 1198
79 1257
79 1656
79 1769
79 1828
79 2198
79 2357
79 2917
79 3225
79 3318
79 3964
80 94
80 139
80 336
80 352
80 417
80 498
80 502
80 740
80 912
80 1050
80 1072
80 1173
80 1298
80 1362
80 1700
80 1739
80 2210
80 2497
80 2602
80 2659
80 3060
80 3178
80 3836
80 3914
81 125
81 132
81 197
81 496
81 515
81 537
81 1237
81 1489
81 2359
81 2434
81 2472
82 110
82 160
82 191
82 197
82 227
82 271
82 458
82 461
82 543
82 635
82 684
82 705
82 824
82 880
82 1130
82 1141
82 1218
82 1606
82 1636
82 1736
82 1740
82 1825
82 1836
82 1898
82 1935
82 2138
82 2186
82 2208
82 2306
82 2380
82 2621
82 2753
82 3027
82 3078
82 3112
82 3311
82 3599
82 3650
82 3781
82 3820
82 3914
83 178
83 199
83 219
83 347
83 457
83 524
83 529
83 653
83 680
83 919
83 929
83 1178
83 1389
83 1435
83 1997
83 2206
83 2209
84 100
84 175
84 184
84 189
84 235
84 248
84 262
84 315
84 362
84 373
84 560
84 575
84 621
84 651
84 679
84 743
84 821
84 849
84 960
84 971
84 1020
84 1067
84 1132
84 1142
84 1172
84 1175
84 1190
84 1307
84 1321
84 1543
84 1872
84 1970
84 1974
84 2053
84 2077
84 2297
84 2390
84 2970
84 2980
84 3086
84 3269
84 3325
84 3335
84 3436
84 3452
84 3469
84 3555
84 3578
84 3696
84 3733
84 3749
84 3754
84 3764
84 3926
84 3951
85 90
85 128
85 138
85 202
85 246
85 266
85 412
85 444
85 544
85 632
85 671
85 755
85 1200
85 1581
85 1745
85 2800
85 2945
85 3148
85 3402
85 3444
85 3903
85 3978
85 3996
86 103
86 168
86 180
86 467
86 536
86 667
86 992
86 1140
86 1151
86 1566
86 3586
87 108
87 131
87 141
87 143
87 240
87 266
87 308
87 329
87 412
87 630
87 678
87 704
87 821
87 832
87 845
87 846
87 887
87 1258
87 1406
87 1412
87 1601
87 1845
87 1866
87 1955
87 1964
87 2034
87 2164
87 2353
87 2793
87 2806
87 2861
87 2924
87 3034
87 3094
87 3201
87 3546
87 3564
87 3665
87 3752
87 3925
87 3989
88 108
88 114
88 164
88 254
88 322
88 423
88 663
88 674
88 694
88 1002
88 1131
88 1147
88 1183
88 1262
88 1332
88 1360
88 1503
88 1569
88 1581
88 1656
88 1840
88 1842
88 1920
88 1923
88 1929
88 1945
88 1956
88 2267
88 2508
88 2537
88 2540
88 2550
88 2828
88 2977
88 3153
88 3284
88 3356
88 3527
88 3689
88 3723
88 3819
88 3911
89 149
89 179
89 265
89 306
89 390
89 731
89 873
89 920
89 1370
89 1664
89 3343
89 3621
89 3635
89 3763
90 140
90 323
90 474
90 840
90 1380
90 1713
90 2336
90 2660
90 2854
90 3652
90 3681
90 3788
90 3841
91 131
91 157
91 159
91 203
91 359
91 484
91 606
91 970
91 1225
91 1234
91 1541
91 1802
91 2196
91 2657
92 910
92 1358
92 1504
93 222
93 477
93 495
93 506
93 545
93 721
93 857
93 887
93 1026
93 1179
93 1184
93 1259
93 1708
93 1974
93 2197
93 2242
93 2748
94 183
94 431
94 712
94 1162
94 1386
94 1804
94 2158
94 2160
94 2508
94 2763
94 3470
94 3590
94 3611
94 3640
95 127
95 129
95 149
95 153
95 165
95 214
95 220
95 258
95 326
95 451
95 476
95 480
95 486
95 537
95 636
95 649
95 672
95 790
95 1246
95 1305
95 1547
95 1570
95 1866
95 2138
95 2184
95 3106
95 3475
95 3890
96 1322
96 1842
96 2063
96 2401
96 2525
97 155
97 161
97 722
97 769
97 905
97 1673
97 1696
97 1743
97 2160
97 2923
97 3646
98 146
98 409
98 456
98 459
98 529
98 599
98 643
98 874
98 1048
98 1485
98 1704
98 1712
98 1776
98 1822
98 2611
98 2639
98 2866
98 2919
98 2923
98 3293
98 3409
98 3676
98 3971
99 100
99 113
99 146
99 179
99 234
99 280
99 331
99 370
99 379
99 490
99 558
99 641
99 690
99 773
99 885
99 1032
99 1231
99 1317
99 1329
99 1488
99 1525
99 1566
99 1584
99 1609
99 1630
99 1714
99 1772
99 1808
99 1989
99 2041
99 2133
99 2317
99 2655
99 3014
99 3183
99 3216
99 3342
99 3485
99 3718
99 3921
100 205
100 291
100 334
100 368
100 434
100 745
100 788
100 808
100 835
100 1020
100 1062
100 1183
100 1304
100 1440
100 1666
100 1956
100 2117
100 2120
100 2570
100 2720
100 2727
100 2801
100 2846
100 3023
100 3412
100 3756
101 104
101 245
101 316
101 323
101 501
101 509
101 628
101 1191
101 1612
101 1738
101 1751
101 2391
101 3410
101 3747
102 120
102 133
102 181
102 211
102 248
102 324
102 422
102 782
102 819
102 853
102 856
102 1117
102 1432
102 1530
102 1717
102 2083
102 2121
102 2183
102 2207
102 2212
102 2264
102 2275
102 2372
102 2503
102 2627
102 2903
102 3040
102 3141
102 3334
102 3674
103 108
103 130
103 131
103 200
103 267
103 312
103 492
103 581
103 605
103 645
103 681
103 735
103 782
103 846
103 850
103 883
103 995
103 1067
103 1239
103 1247
103 1274
103 1617
103 1797
103 1940
103 2139
103 2649
103 2666
103 2729
103 2808
103 2978
103 3138
103 3621
103 3843
104 105
104 126
104 144
104 147
104 160
104 180
104 182
104 194
104 217
104 245
104 262
104 354
104 356
104 416
104 511
104 584
104 633
104 696
104 789
104 819
104 825
104 855
104 858
104 960
104 1087
104 1158
104 1236
104 1374
104 1541
104 1670
104 1690
104 1932
104 1985
104 2018
104 2361
104 2431
104 2473
104 2524
104 2634
104 2818
104 2929
104 2977
104 3064
104 3081
104 3190
104 3312
104 3324
104 3606
104 3632
104 3654
104 3660
105 150
105 304
105 332
105 574
105 1064
105 1207
105 1310
105 1776
105 1894
105 2176
105 3406
106 119
106 286
106 290
106 405
106 515
106 544
106 777
106 822
106 1304
106 1373
106 1459
106 1577
106 1685
106 2292
106 2322
107 494
107 614
107 642
107 889
107 1076
107 1274
107 1881
108 143
108 145
108 349
108 392
108 517
108 520
108 644
108 681
108 759
108 930
108 1029
108 1084
108 1152
108 1293
108 1434
108 1437
108 1454
108 1562
108 1858
108 1932
108 2935
108 3395
109 121
109 154
109 162
109 190
109 312
109 340
109 359
109 362
109 411
109 531
109 685
109 841
109 921
109 1222
109 1444
109 1489
109 2859
109 2879
109 3062
109 3493
110 257
110 289
110 328
110 486
110 953
110 1234
110 1286
110 1304
110 1422
110 1615
110 1796
110 2082
110 2110
110 2332
110 2673
110 2898
110 3494
110 3716
110 3730
111 314
111 347
111 428
111 535
111 970
111 1000
111 1288
111 1433
111 1583
111 2559
111 3363
111 3824
112 124
112 209
112 530
112 548
112 554
112 594
112 688
112 896
112 901
112 913
112 963
112 978
112 990
112 1120
112 1359
112 2207
112 2453
112 2674
112 3024
112 3263
112 3362
112 3593
112 3617
112 3827
113 572
113 669
113 1192
113 1734
113 2111
113 2491
113 2518
113 3766
113 3781
114 174
114 206
114 207
114 239
114 247
114 336
114 389
114 405
114 537
114 547
114 625
114 650
114 1026
114 1360
114 1832
114 1992
114 2280
114 2394
114 2734
114 3474
115 119
115 175
115 255
115 257
115 302
115 304
115 369
115 424
115 812
115 989
115 999
115 1630
115 2257
115 2771
115 3147
115 3169
115 3706
116 210
116 684
116 1368
116 1830
116 2625
116 2769
116 3961
117 136
117 148
117 190
117 207
117 275
117 384
117 396
117 941
117 985
117 1208
117 1549
117 1954
117 2113
117 2508
117 2527
117 2658
117 2958
117 3471
117 3490
117 3760
118 268
118 303
118 398
118 711
118 1264
118 1576
118 1603
118 1752
118 2202
118 3395
118 3461
119 135
119 222
119 1398
119 1643
119 1678
119 2607
119 2959
119 3787
120 229
120 658
120 690
120 703
120 955
120 1290
120 1723
120 1951
120 2560
120 2652
121 178
121 196
121 297
121 571
121 574
121 611
121 1095
121 1446
121 1470
121 1517
121 1973
121 2241
121 2432
121 3604
121 3920
122 137
122 141
122 271
122 278
122 427
122 440
122 549
122 659
122 691
122 692
122 836
122 1114
122 1240
122 1339
122 1405
122 1459
122 1483
122 1956
122 1989
122 2340
122 2524
122 2701
122 2829
122 2967
122 3733
123 276
123 288
123 365
123 523
123 634
123 673
123 707
123 777
123 904
123 1041
123 1145
123 1400
123 1491
123 1594
123 1633
123 1679
123 1782
123 2308
123 2588
123 2690
123 2840
123 2874
123 3553
123 3746
124 152
124 235
124 242
124 254
124 347
124 376
124 384
124 431
124 440
124 569
124 979
124 1002
124 1010
124 1033
124 1057
124 1069
124 1121
124 1188
124 1387
124 1490
124 1511
124 1755
124 1758
124 1797
124 1999
124 2001
124 2034
124 2084
124 2135
124 2244
124 2363
124 2709
124 2799
124 2807
124 2863
124 2892
124 2909
124 2922
124 2946
124 2991
124 3152
124 3188
124 3202
124 3304
124 3472
124 3624
124 3740
125 171
125 219
125 255
125 267
125 317
125 386
125 453
125 493
125 662
125 955
125 1072
125 1168
125 1174
125 1198
125 1830
125 1889
125 1982
125 2095
125 2586
125 2883
125 3005
126 145
126 300
126 377
126 695
126 2024
126 2636
126 2703
127 143
127 770
127 812
127 1783
127 2062
128 346
128 554
128 599
128 696
128 814
128 867
128 1187
128 1286
128 1617
128 2577
128 3203
128 3640
129 147
129 172
129 385
129 489
129 506
129 531
129 562
129 593
129 637
129 670
129 673
129 761
129 896
129 1143
129 1158
129 1172
129 1192
129 1261
129 1425
129 1444
129 1622
129 1770
129 2049
129 2096
129 2425
129 2464
129 2655
129 2841
129 3003
129 3163
129 3204
129 3238
129 3276
129 3559
129 3602
129 3658
129 3888
129 3949
130 1365
130 1967
130 2498
131 250
131 335
131 337
131 532
131 534
131 577
131 697
131 848
131 907
131 1030
131 1076
131 1475
131 1629
131 2392
131 2822
131 2843
131 3009
131 3244
131 3381
131 3388
131 3586
132 133
132 284
132 331
132 528
132 747
132 772
132 881
132 900
132 1171
132 1364
132 2199
132 2205
132 2206
132 2304
132 2587
132 2872
133 234
133 437
133 491
133 554
133 556
133 588
133 628
133 695
133 897
133 1123
133 1178
133 1300
133 1579
133 1584
133 2035
133 2324
133 2542
133 2832
133 3388
133 3473
133 3588
133 3803
134 247
134 393
134 653
134 803
134 3287
135 602
135 1206
135 1426
135 1532
135 1661
135 1913
135 2051
135 2220
135 2371
135 3777
136 151
136 164
136 366
136 561
136 748
136 897
136 1352
136 2116
136 2431
136 2432
136 2969
136 3443
136 3582
136 3926
137 166
137 195
137 419
137 764
137 1136
137 1156
137 1306
137 1604
137 1888
137 2114
137 2233
137 2254
137 2415
137 2513
137 3090
137 3112
137 3377
137 3420
137 3484
137 3563
138 240
138 678
138 838
138 895
138 1005
138 1387
138 1581
138 2223
138 2481
138 2532
138 2664
138 2703
138 3004
138 3674
138 3792
139 260
139 339
139 527
139 588
139 691
139 751
139 1024
139 1311
139 1499
139 1550
139 1637
139 1893
139 2196
139 2526
139 2560
139 2682
139 2819
139 2948
139 3004
139 3038
139 3131
139 3285
139 3777
139 3807
140 177
140 198
140 244
140 313
140 316
140 378
140 382
140 395
140 403
140 413
140 450
140 466
140 467
140 478
140 604
140 744
140 761
140 1097
140 1200
140 1521
140 1669
140 1682
140 1851
140 2166
140 2245
140 2439
140 2452
140 2643
140 2965
140 3357
140 3543
140 3593
140 3705
141 330
141 474
141 2457
141 3555
142 155
142 338
142 465
142 511
142 539
142 705
142 783
142 844
142 1073
142 1395
142 1543
142 1654
142 1694
142 1911
142 2162
142 2449
142 2619
142 2744
142 2763
142 2767
142 3567
143 252
143 325
143 523
143 735
143 837
143 992
143 1524
143 1590
143 1795
143 2894
143 2912
143 2929
143 3664
144 210
144 344
144 454
144 551
144 570
144 641
144 715
144 729
144 806
144 960
144 1102
144 1390
144 1522
144 2070
144 2349
144 2496
144 2508
144 2525
144 2813
144 2881
144 2884
144 2896
144 3070
144 3633
144 3842
144 3895
145 192
145 222
145 272
145 360
145 828
145 1058
145 1060
145 1180
145 1215
145 1677
145 1761
145 2296
145 2616
145 3109
145 3613
146 191
146 205
146 207
146 221
146 228
146 320
146 332
146 379
146 464
146 493
146 526
146 532
146 702
146 743
146 746
146 766
146 775
146 813
146 843
146 860
146 897
146 966
146 1004
146 1014
146 1026
146 1078
146 1098
146 1118
146 1131
146 1265
146 1267
146 1388
146 1411
146 1458
146 1501
146 1687
146 1731
146 2119
146 2136
146 2212
146 2485
146 2562
146 2608
146 2772
146 2784
146 2815
146 2856
146 3124
146 3266
146 3268
146 3709
147 769
147 1450
147 3166
147 3849
148 151
148 177
148 291
148 491
148 894
148 1017
148 1096
148 1125
148 1788
148 2072
148 2643
148 2864
148 3106
149 174
149 186
149 191
149 299
149 358
149 478
149 514
149 706
149 865
149 991
149 1029
149 1570
149 1857
149 1938
149 2023
149 3036
149 3279
150 418
150 671
150 798
150 912
150 1424
150 2590
150 3104
150 3142
150 3297
150 3795
151 779
151 906
151 1099
151 1126
151 1584
151 2862
151 3354
152 745
152 1328
152 1585
152 1744
152 1797
152 1846
152 1892
152 2168
152 2846
152 3307
152 3899
153 466
153 1638
153 1854
153 2086
153 2363
153 2626
153 2727
153 2855
153 3212
153 3863
153 3954
154 231
154 241
154 417
154 508
154 542
154 611
154 666
154 726
154 740
154 805
154 864
154 946
154 1034
154 1048
154 1189
154 1382
154 1643
154 1720
154 1771
154 1928
154 1943
154 1962
154 2210
154 2400
154 2493
154 2736
154 2772
154 2791
154 2799
154 2985
154 3045
154 3278
154 3296
154 3743
154 3906
154 3948
155 222
155 251
155 269
155 281
155 305
155 323
155 393
155 417
155 497
155 501
155 550
155 562
155 665
155 671
155 1012
155 1336
155 1427
155 1531
155 1657
155 1832
155 2015
155 2053
155 2123
155 2220
155 2364
155 2414
155 2429
155 2512
155 2554
155 2589
155 2641
155 2658
155 2662
155 3102
155 3224
155 3361
155 3475
155 3992
156 303
156 355
156 438
156 713
156 865
156 1253
156 1367
156 2629
156 2640
157 182
157 364
157 393
157 397
157 549
157 627
157 825
157 1176
157 1552
157 2253
157 2283
157 3548
157 3616
157 3806
157 3995
158 231
158 242
158 691
158 936
158 1003
158 1240
158 1582
158 1630
158 1717
158 1719
158 1729
158 2711
158 2752
158 2768
158 2936
158 3895
158 3983
159 464
159 987
159 1202
159 1230
159 1893
159 2029
159 2195
159 2683
159 3373
159 3497
159 3906
159 3922
160 240
160 296
160 310
160 321
160 446
160 497
160 727
160 753
160 989
160 993
160 1185
160 1335
160 1468
160 1817
160 1902
160 2243
160 2815
160 2951
160 3206
160 3910
160 3931
160 3957
161 196
161 405
161 519
161 765
161 1155
161 1182
161 1528
161 1554
161 1971
161 2206
161 2316
161 2894
161 2943
161 3009
161 3120
161 3162
161 3468
161 3478
161 3971
162 209
162 255
162 342
162 830
162 1743
162 2218
162 3492
162 3750
162 3886
163 263
163 270
163 283
163 301
163 395
163 744
163 1031
163 1427
163 1686
163 2624
163 2698
163 2801
163 3079
163 3239
163 3505
163 3681
163 3896
164 847
164 967
164 1264
164 1307
164 1370
164 1395
164 1660
164 1875
164 3168
164 3500
164 3533
165 198
165 321
165 612
165 642
165 774
165 1155
165 1323
165 1542
165 1565
165 1644
165 1933
165 2053
165 2519
165 3029
165 3260
165 3557
165 3599
165 3767
166 438
166 723
166 742
166 1059
166 1071
166 1082
166 1346
166 1368
166 1599
166 1910
166 2077
166 2691
166 2836
166 2900
166 3228
166 3323
167 216
167 275
167 307
167 504
167 916
167 1138
167 1362
167 1409
167 1498
167 1646
167 1764
167 1862
167 2092
167 2313
167 2938
167 2949
167 3185
167 3598
168 486
168 521
168 545
168 1195
168 1208
168 1505
168 1625
168 2322
168 3091
168 3402
168 3612
168 3622
169 211
169 322
169 403
169 465
169 508
169 533
169 664
169 844
169 879
169 1294
169 1320
169 1415
169 1652
169 1655
169 1774
169 1781
169 1843
169 1920
169 2467
169 2705
169 3147
169 3338
169 3505
169 3785
170 382
170 804
170 813
170 1063
170 1486
170 2017
170 2134
170 2199
170 2227
170 2343
170 3533
170 3601
170 3644
171 538
171 1621
171 2291
171 2421
171 2556
172 246
172 295
172 300
172 307
172 456
172 550
172 915
172 1191
172 1326
172 1412
172 1441
172 1745
172 2005
172 2104
172 2129
172 2216
172 2274
172 2324
172 2374
172 2424
172 2439
172 2957
172 3150
172 3163
172 3447
172 3464
172 3481
172 3482
172 3672
173 367
173 381
173 382
173 1985
173 2305
173 2310
173 2973
173 3833
173 3988
174 471
174 923
174 945
174 1227
174 1649
174 2474
174 2769
174 2997
174 3196
174 3587
174 3786
175 413
175 488
175 498
175 508
175 516
175 817
175 1043
175 1126
175 1291
175 2059
175 2607
175 2764
175 2831
175 3104
175 3275
175 3667
175 3909
176 272
176 291
176 321
176 546
176 727
176 771
176 807
176 988
176 1145
176 1725
176 2186
176 2531
176 2979
176 3157
176 3520
176 3740
177 199
177 219
177 266
177 314
177 358
177 598
177 608
177 683
177 737
177 1001
177 1516
177 1597
177 2039
177 2511
177 2588
177 3385
177 3415
178 243
178 253
178 386
178 601
178 1074
178 1258
178 1348
178 1511
178 2104
179 350
179 789
179 1035
179 1115
179 1222
179 1601
179 2764
179 2929
179 3005
179 3139
179 3778
180 217
180 271
180 302
180 321
180 342
180 355
180 437
180 592
180 598
180 883
180 1074
180 1083
180 1112
180 1275
180 1620
180 2068
180 2311
180 2577
180 2978
180 3008
180 3341
181 220
181 237
181 269
181 320
181 1125
181 1145
181 1261
181 1374
181 1474
181 1648
181 1869
181 2300
181 2507
181 2620
181 3003
181 3246
181 3599
181 3775
181 3831
181 3884
182 209
182 221
182 334
182 375
182 416
182 862
182 1141
182 1209
182 1296
182 1982
182 2051
182 2074
182 2209
182 2348
182 2359
182 2833
182 2870
182 3116
182 3273
182 3445
183 741
183 856
183 902
183 1314
183 1363
183 2085
183 3271
183 3435
184 193
184 435
184 460
184 802
184 910
184 1073
184 1701
184 1772
184 1793
184 1821
184 2308
184 2358
184 2747
184 3049
184 3110
184 3244
184 3599
184 3799
185 226
185 259
185 282
185 472
185 513
185 541
185 783
185 976
185 1187
185 1639
185 1659
185 2096
185 2206
185 2293
185 2389
185 2414
185 2615
185 2863
185 3541
185 3591
185 3663
185 3820
185 3851
185 3919
186 199
186 234
186 238
186 300
186 335
186 356
186 478
186 699
186 713
186 791
186 845
186 1087
186 1170
186 1194
186 1349
186 1644
186 1795
186 1840
186 1911
186 3520
186 3703
186 3759
187 309
187 685
187 987
187 1564
187 1804
187 2678
187 2853
187 3059
187 3091
187 3680
188 201
188 263
188 512
188 540
188 923
188 1345
188 2355
189 239
189 241
189 457
189 669
189 711
189 743
189 812
189 940
189 1049
189 1247
189 1341
189 1503
189 1509
189 1607
189 1769
189 1775
189 1835
189 1984
189 2019
189 2029
189 2127
189 2193
189 2437
189 2683
189 2753
189 2911
189 3094
189 3222
189 3428
189 3550
189 3557
189 3686
190 212
190 227
190 509
190 519
190 1425
190 2146
190 2452
190 3186
190 3262
191 250
191 252
191 257
191 354
191 441
191 483
191 592
191 655
191 710
191 754
191 1283
191 1363
191 1537
191 1805
191 1808
191 2276
191 2393
191 2465
191 2510
191 2759
191 3313
191 3424
191 3576
191 3745
191 3799
192 1255
192 2020
192 2366
192 2399
192 3971
193 223
193 236
193 256
193 337
193 493
193 720
193 874
193 1236
193 1865
193 1969
193 2229
193 2551
194 203
194 282
194 719
194 797
194 950
194 956
194 1133
194 1788
194 2201
194 2208
194 2706
194 2912
194 3072
194 3185
195 261
195 357
195 465
195 1070
195 1623
195 2100
195 2608
195 3817
195 3885
195 3925
196 236
196 298
196 394
196 590
196 611
196 870
196 1336
196 1372
196 1741
196 1786
196 2907
196 3151
196 3303
196 3679
197 230
197 613
197 689
197 692
197 917
197 1181
197 1448
197 1558
197 1837
197 2483
197 3234
197 3761
197 3993
198 225
198 343
198 786
198 962
198 2348
198 2581
198 2677
198 3055
198 3906
199 574
200 213
200 410
200 531
200 899
200 908
200 1486
200 1658
200 1777
200 1847
200 2197
200 2429
200 2473
200 3217
200 3467
200 3907
201 283
201 313
201 317
201 367
201 489
201 626
201 637
201 648
201 800
201 863
201 932
201 1034
201 1154
201 1432
201 1821
201 1894
201 1990
201 2274
201 2745
201 2758
201 3483
201 3989
202 230
202 474
202 495
202 513
202 644
202 859
202 873
202 1122
202 1384
202 1853
202 1905
202 2073
202 2097
202 2231
202 2323
202 2565
202 2708
202 3023
202 3120
202 3585
202 3706
202 3838
203 396
203 420
203 439
203 599
203 733
203 778
203 785
203 1662
203 2146
203 2359
203 3967
204 221
204 350
204 404
204 510
204 768
204 909
204 942
204 1380
204 1506
204 1776
204 1841
204 2384
204 2736
204 2852
204 3169
204 3736
204 3751
204 3930
205 312
205 378
205 1179
205 1501
205 2556
205 3955
206 342
206 445
206 758
206 917
206 1059
206 1403
206 1404
206 1831
206 1901
206 2697
206 2912
206 3282
206 3372
206 3698
206 3725
206 3813
207 1287
207 1572
207 2060
207 2362
207 3628
208 399
208 610
208 1103
208 1599
208 2097
208 3062
208 3753
209 1925
209 3303
210 287
210 907
210 959
210 1186
210 1202
210 3501
210 3900
211 247
211 306
211 309
211 348
211 436
211 559
211 566
211 589
211 646
211 753
211 767
211 815
211 1150
211 1220
211 1284
211 1374
211 1396
211 1456
211 1571
211 1618
211 1809
211 2271
211 2903
211 3066
211 3308
212 306
212 421
212 1511
212 1699
212 1773
212 2002
212 2771
212 3096
212 3314
212 3571
213 223
213 714
213 929
213 1351
213 1370
213 1374
213 1416
213 1463
213 1493
213 1630
213 2235
213 2496
213 2660
213 3025
213 3229
213 3873
214 366
214 425
214 594
214 639
214 640
214 910
214 1001
214 1435
214 1471
214 1622
214 1635
214 1698
214 2274
214 2629
214 2759
214 2872
214 3277
214 3664
214 3819
215 517
215 859
215 919
215 1229
215 1295
215 1441
215 1629
215 2152
215 2267
215 2711
215 2740
215 2813
215 2989
215 3297
216 334
216 342
216 397
216 477
216 617
216 627
216 908
216 1193
216 1340
216 1877
216 2088
216 2924
216 3188
216 3192
216 3262
216 3341
217 284
217 296
217 354
217 496
217 888
217 1188
217 1468
217 1899
217 2283
217 3189
218 307
218 319
218 423
218 527
218 540
218 610
218 790
218 1030
218 1514
218 1599
218 1706
218 2280
218 2495
218 2746
218 3030
218 3118
218 3639
218 3833
219 589
219 1015
219 1447
219 1978
219 1989
219 2398
219 2702
219 3038
219 3069
219 3382
220 332
220 401
220 507
220 619
220 1219
220 1325
220 1636
220 2396
220 3779
221 406
221 573
221 631
221 733
221 744
221 774
221 798
221 1116
221 1204
221 1386
221 1518
221 1756
221 2036
221 2615
221 3477
222 311
222 401
222 470
222 512
222 563
222 717
222 879
222 1089
222 1101
222 1129
222 1271
222 1279
222 1998
222 2292
222 2485
222 2661
222 2820
222 2892
222 3145
222 3310
222 3911
223 277
223 370
223 943
223 2718
223 2777
223 2928
223 3645
223 3962
224 283
224 585
224 837
224 1707
225 360
225 505
225 1826
225 2284
226 398
226 896
226 1008
226 1018
226 1210
226 1307
226 1520
226 1666
226 1764
226 1765
226 1977
226 2691
226 3119
226 3530
226 3555
227 259
227 357
227 502
227 745
227 757
227 788
227 1307
227 1495
227 1747
227 1964
227 2015
227 2707
227 2795
227 3282
228 251
228 319
228 415
228 730
228 974
228 1095
228 1323
228 1644
228 1695
228 1993
228 3354
229 264
229 265
229 285
229 387
229 521
229 543
229 739
229 893
229 993
229 1037
229 1054
229 1069
229 1090
229 1266
229 1821
229 1837
229 1841
229 1969
229 1994
229 2007
229 2016
229 2387
229 2479
229 2515
229 2578
229 2687
229 2773
229 3164
229 3228
229 3382
229 3797
229 3999
230 242
230 253
230 396
230 525
230 925
230 1473
230 1560
230 1591
230 1707
230 1975
230 2077
230 2173
230 2176
230 2247
230 2397
230 2399
230 2769
230 2796
230 2954
230 3159
230 3324
230 3454
230 3633
230 3650
230 3672
230 3678
230 3745
231 296
231 787
231 792
231 1260
231 1382
231 1567
231 1612
231 1703
231 1797
231 3356
231 3615
232 316
232 494
232 738
232 1561
232 1693
232 2786
232 2865
232 2975
232 2998
232 3812
233 415
233 524
233 1018
233 1219
233 1346
233 1719
233 2243
233 2542
233 2726
233 2950
233 3426
233 3574
233 3690
233 3932
234 352
234 453
234 766
234 871
234 980
234 1022
234 1076
234 1467
234 2024
234 2089
234 2115
234 2376
234 3070
234 3276
235 580
235 667
235 1329
235 1333
235 2040
235 2045
235 2153
235 2166
235 2320
235 3284
235 3696
236 285
236 442
236 464
236 487
236 735
236 770
236 945
236 969
236 990
236 995
236 1156
236 1530
236 1622
236 1639
236 1694
236 1749
236 1812
236 2020
236 2151
236 2400
236 2827
236 3141
236 3144
236 3190
236 3307
236 3704
236 3804
236 3907
236 3922
237 310
237 494
237 673
237 678
237 772
237 831
237 1041
237 1066
237 1236
237 2103
237 2170
237 2303
237 2675
237 3617
237 3952
238 361
238 687
238 824
238 954
238 983
238 1113
238 1352
238 1392
238 2704
238 3059
238 3072
238 3221
238 3530
239 740
239 756
239 1070
239 1182
239 1477
239 1671
239 1940
239 1953
239 2918
239 3041
239 3784
240 947
240 1344
240 2132
240 2583
240 2758
240 3081
240 3392
240 3542
240 3700
241 752
241 801
241 1175
241 1395
242 827
242 1282
242 1621
242 1779
242 1919
242 2342
242 2818
242 3220
242 3380
242 3412
242 3486
242 3745
242 3755
242 3791
242 3867
243 261
243 390
243 539
243 1224
243 1246
243 1647
243 1687
243 1774
243 2168
243 2906
243 3043
243 3264
244 557
244 591
244 2101
244 2737
244 3480
244 3713
245 371
245 463
245 587
245 1091
245 1594
245 1781
245 2063
245 2304
245 2520
245 2538
245 2775
245 2944
245 3157
245 3206
245 3589
246 379
246 484
246 829
246 928
246 959
246 3093
246 3216
247 1148
247 3840
248 257
248 270
248 309
248 333
248 456
248 702
248 762
248 830
248 850
248 852
248 1293
248 1355
248 1505
248 1867
248 2393
248 2402
248 2470
248 2488
248 3752
248 3970
249 1496
249 3747
250 615
250 1093
250 1238
250 1899
250 2128
250 2155
250 2742
250 3457
250 3982
251 550
251 600
251 1245
251 1263
251 1609
251 2266
251 2413
251 2511
251 3019
251 3258
251 3815
252 295
252 299
252 735
252 906
252 1197
252 1223
252 1337
252 1423
252 1568
252 2176
252 2278
252 2282
252 2568
252 2670
252 2785
252 3535
253 260
253 567
253 922
253 957
253 1105
253 1939
253 3075
253 3768
254 320
254 695
254 842
254 1460
254 1756
254 1938
254 2375
254 2788
255 353
255 699
255 1154
256 262
256 501
256 713
256 1754
256 1786
256 1914
256 2553
256 3697
257 586
257 1007
257 1230
257 1313
257 1734
257 1900
257 2050
258 1641
259 421
259 522
259 2808
259 3873
260 298
260 552
260 598
260 609
260 631
260 765
260 775
260 832
260 933
260 941
260 986
260 1041
260 1093
260 1265
260 1453
260 1477
260 1595
260 2201
260 2271
260 2293
260 2389
260 2548
260 2601
260 2680
260 2779
260 2901
260 3071
260 3544
260 3566
261 997
261 1529
261 1558
261 1805
261 2599
261 2721
261 2898
261 3403
262 483
262 755
262 1379
262 2122
262 2251
262 2392
262 3349
263 727
263 925
263 972
263 1049
263 1302
263 1563
263 1723
263 2038
263 2324
263 2651
264 292
264 316
264 674
264 822
264 853
264 962
264 1660
264 1746
264 1907
264 1948
264 1950
264 2044
264 2253
264 2888
264 2904
264 2993
264 3119
264 3377
264 3530
264 3743
264 3845
264 3850
265 447
265 477
265 825
265 964
265 1369
265 1715
265 1871
265 2670
266 404
266 466
266 484
266 694
266 910
266 1154
266 1220
266 1453
266 1792
266 1906
266 1968
266 1969
266 2439
266 2450
266 2451
266 2497
266 2766
266 2833
266 2940
266 3451
266 3456
266 3490
267 521
267 1250
267 1294
267 1384
267 1576
267 2268
267 3099
267 3298
267 3493
268 344
268 394
268 411
268 1487
268 2079
268 2290
268 2585
268 3855
269 270
269 388
269 402
269 619
269 645
269 649
269 1040
269 1806
269 1871
269 1949
269 2254
269 3033
269 3079
269 3184
269 3199
270 303
270 1025
270 1255
270 1754
270 2458
270 2566
270 3224
270 3247
270 3434
270 3625
271 302
271 434
271 453
271 492
271 794
271 825
271 898
271 1006
271 1091
271 1092
271 1371
271 1402
271 1748
271 1959
271 2069
271 2129
271 2595
271 3148
271 3227
271 3702
272 367
272 603
272 1696
272 1718
272 2035
272 2060
272 2429
272 2432
272 2442
272 2476
272 2644
272 2843
272 2984
273 3342
274 471
274 726
274 1104
274 2806
275 441
275 450
275 530
275 636
275 651
275 654
275 782
275 1358
275 1649
275 2301
275 2539
275 3054
275 3135
275 3315
275 3911
275 3934
276 505
276 563
276 607
276 1019
276 1079
276 1121
276 1168
276 1276
276 1279
276 1608
276 1942
276 1957
276 2014
276 2466
276 2748
276 3770
276 3808
277 645
277 982
277 1391
277 1859
277 3092
277 3508
277 3587
277 3854
278 730
278 1546
278 3358
279 1189
279 3245
280 567
280 742
280 1036
280 1833
280 2674
280 2729
280 2754
280 2842
280 2871
280 3051
280 3149
280 3275
280 3494
280 3682
280 3908
281 317
281 355
281 365
281 604
281 639
281 754
281 862
281 926
281 1186
281 1272
281 1469
281 1555
281 1946
281 2008
281 2410
281 2486
281 3139
281 3227
281 3893
282 856
282 976
282 1011
282 1111
282 1502
282 1559
282 1811
282 2869
283 315
283 811
283 858
283 1156
283 1162
283 1209
283 1939
283 2562
283 2742
283 3201
283 3950
284 475
284 1443
284 1535
284 2149
284 3677
285 534
285 666
285 717
285 3310
286 584
286 657
286 944
286 1343
286 1511
286 1759
286 1861
286 2096
287 435
287 1144
287 2056
287 2598
287 3433
288 361
288 558
288 646
288 952
288 3708
288 3887
289 314
289 476
289 518
289 522
289 575
289 824
289 935
289 1161
289 1214
289 1327
289 1347
289 1378
289 1482
289 1488
289 1543
289 1803
289 1966
289 2026
289 2068
289 2252
289 2299
289 2439
289 3033
289 3304
289 3372
289 3553
289 3606
289 3675
289 3693
289 3704
289 3757
289 3824
289 3851
289 3967
289 3968
290 535
290 614
290 615
290 837
290 912
290 1107
290 1250
290 1611
290 1879
290 1933
290 2157
290 2303
290 2935
290 3234
290 3497
291 473
291 618
291 622
291 1970
291 2020
291 3839
292 1396
292 2182
292 3167
292 3264
293 334
293 427
293 443
293 447
293 606
293 966
293 1169
293 1408
293 1509
293 1806
293 1897
293 2022
293 2058
293 2569
293 3208
293 3801
293 3929
294 296
294 469
294 477
294 510
294 610
294 839
294 852
294 1132
294 1138
294 1152
294 1922
294 3052
295 335
295 339
295 340
295 362
295 388
295 557
295 690
295 758
295 767
295 771
295 1218
295 1414
295 1531
295 1569
295 1785
295 1941
295 2060
295 2062
295 2467
295 2783
295 2856
295 2884
295 2903
295 3075
295 3095
295 3155
295 3187
295 3352
295 3532
295 3584
295 3696
295 3787
296 2268
297 345
297 361
297 444
297 447
297 462
297 489
297 497
297 569
297 635
297 726
297 798
297 1030
297 1580
297 1830
297 1908
297 2110
297 2203
297 2721
297 3038
297 3153
297 3405
297 3662
298 548
298 661
298 732
298 996
298 1123
298 1129
298 2164
298 2260
298 2406
298 2631
298 2680
298 2789
298 2836
298 2974
298 3641
298 3991
299 881
299 1502
299 1789
299 2337
299 3572
300 1228
300 1231
300 2003
301 442
301 654
301 1150
301 1173
301 1255
301 1270
301 1706
301 2295
301 2347
301 2646
301 2733
301 2946
301 3347
301 3403
301 3447
302 307
302 336
302 545
302 685
302 958
302 962
302 1050
302 1065
302 1108
302 1166
302 2132
302 2360
302 2402
302 2964
302 3398
302 3411
302 3461
302 3838
302 3992
303 390
303 475
303 516
303 520
303 725
303 879
303 1111
303 1898
303 2072
303 2398
303 2945
303 3024
304 394
304 426
304 605
304 953
304 1401
304 1731
304 1759
304 1937
304 2227
304 2247
304 2262
304 2913
304 3346
305 313
305 322
305 1988
305 3459
305 3500
306 462
306 564
306 1299
306 1633
306 1642
306 1829
307 542
307 641
307 1058
307 1561
307 1814
307 3315
308 1169
308 1936
309 460
309 582
309 730
309 885
309 1731
309 1860
309 1922
309 2099
309 2685
310 689
310 1479
310 3073
311 343
311 575
311 2056
311 2446
312 741
312 1045
312 1905
312 3869
313 360
313 372
313 876
313 982
313 994
313 1217
313 3426
314 446
314 687
314 698
314 995
314 1258
314 1413
314 1467
314 1603
314 2030
314 2667
314 2772
314 2903
315 634
315 2034
315 2384
315 3495
315 3525
316 374
316 718
316 752
316 784
316 1151
316 1309
316 1471
316 1684
316 1735
316 1819
316 1835
316 2059
316 3499
316 3838
317 465
317 480
317 585
317 1014
317 1070
317 1147
317 2272
317 2777
317 2984
317 3082
317 3879
318 380
318 630
318 728
318 1230
318 1738
318 1903
318 2123
319 705
319 795
319 1259
319 1413
319 1676
319 3369
319 3927
320 341
320 814
320 862
320 1549
320 1601
320 1675
320 1732
320 1896
320 2302
320 2310
320 2453
320 2882
320 3737
320 3776
320 3864
321 413
321 526
321 1709
321 2728
321 2825
321 3107
321 3482
321 3800
321 3830
322 1455
322 1589
322 1885
322 2432
322 2459
322 3023
322 3406
322 3662
323 480
323 507
323 977
323 1434
323 1990
323 2309
323 2698
323 2762
323 2920
324 2167
324 2499
324 3345
324 3990
325 363
325 602
325 617
325 635
325 658
325 833
325 3040
326 370
326 399
326 519
326 1229
326 2014
326 2160
326 2184
326 2924
326 3046
326 3127
326 3865
327 406
327 424
327 822
327 851
327 1449
327 2164
327 2190
327 2506
328 562
328 679
328 827
328 972
328 1009
328 1308
328 1461
328 1596
328 1604
328 1824
328 1896
328 2012
328 2365
328 2505
328 2668
328 2782
328 2785
328 3202
328 3361
328 3958
328 3960
329 1159
329 1316
329 1547
329 2475
329 2529
329 2868
330 403
330 564
330 667
330 1459
330 1673
330 2006
330 2635
330 3940
331 537
331 565
331 615
331 775
331 1466
331 1606
331 1721
331 2131
331 2270
331 2368
331 2624
331 3376
331 3913
332 443
332 544
332 545
332 613
332 787
332 791
332 1569
332 1864
332 1958
332 2024
332 3257
332 3744
333 500
333 1054
333 1498
333 1763
333 1875
333 2009
333 2204
333 2305
333 2648
333 3284
333 3343
333 3567
333 3842
333 3928
333 3975
334 348
334 493
334 579
334 673
334 2011
334 2263
335 368
335 629
335 1017
335 1113
335 1513
335 1762
335 1892
335 2334
336 505
336 626
336 752
336 883
336 891
336 915
336 983
336 998
336 1024
336 1088
336 1233
336 1410
336 1437
336 1491
336 1527
336 1547
336 2347
336 3196
336 3253
336 3545
336 3675
336 3835
337 458
337 792
337 882
337 1698
337 2994
337 3646
338 384
338 407
338 1160
338 1552
338 1665
338 2600
338 2652
338 3056
338 3492
339 633
339 786
339 1098
339 1102
339 1532
339 1650
339 1652
339 1940
339 2498
339 2565
339 3478
339 3688
340 1240
340 2652
340 3596
341 389
341 468
341 693
341 1229
341 1282
341 1329
341 1792
341 2658
341 2713
341 2755
341 3253
341 3409
341 3501
341 3778
341 3890
341 3916
342 1359
342 1507
342 1842
342 2262
342 2380
342 2448
342 2850
342 3678
343 559
343 576
343 687
343 794
343 876
343 1385
343 1536
343 1701
343 2008
343 2150
343 2172
343 2543
343 2629
343 2774
343 3036
343 3155
343 3311
343 3711
344 2165
344 3390
344 3647
345 427
345 801
345 3540
346 582
346 733
346 972
346 1315
346 1366
346 1669
346 2061
346 2119
346 2130
346 2398
346 2687
346 2979
346 3121
346 3166
346 3266
346 3352
346 3621
346 3809
346 3955
347 356
347 378
347 1114
347 1301
347 1795
347 1856
347 2324
347 2338
347 2568
347 2734
348 623
348 821
348 1349
348 1680
348 3144
349 418
349 617
349 676
349 1213
349 1377
349 1453
349 2009
349 3515
349 3809
349 3877
349 3989
350 563
350 614
350 671
350 679
350 1726
350 2696
350 3565
350 3570
351 408
351 460
351 474
351 558
351 584
351 746
351 759
351 930
351 950
351 969
351 999
351 1221
351 1270
351 1500
351 1631
351 1685
351 1972
351 2107
351 2146
351 2244
351 2330
351 2557
351 2673
351 3138
351 3163
351 3174
351 3257
352 377
352 617
352 1332
352 1779
352 2047
352 2282
352 2294
352 2323
352 2339
352 2425
352 2664
352 3359
352 3629
353 421
353 800
353 1090
353 2169
353 2225
353 3243
353 3801
353 3901
354 562
354 680
354 878
354 1279
354 1452
354 2351
354 2449
354 3156
354 3668
355 374
355 884
355 893
355 1900
355 2223
355 2550
355 2865
355 3238
356 361
356 541
356 546
356 931
356 1560
356 1569
356 2579
357 538
357 1157
357 1232
357 1507
357 2635
357 3331
357 3441
357 3993
358 538
358 897
358 1185
358 2203
358 2424
358 3218
358 3313
359 1627
359 2207
359 2519
359 3472
360 472
360 594
360 1264
360 1460
360 1477
360 1999
360 2178
360 2854
360 3344
360 3710
360 3839
361 436
361 832
361 1065
361 1185
361 2365
361 2661
361 3410
361 3536
361 3637
361 3785
362 376
362 442
362 1156
362 1189
362 1421
362 1653
362 1863
362 2068
362 2285
362 2672
362 2873
362 3400
363 391
363 414
363 530
363 645
363 680
363 708
363 866
363 1079
363 1167
363 1169
363 1286
363 1551
363 1703
363 2268
363 2644
363 3259
363 3291
363 3378
363 3729
364 387
364 396
364 615
364 632
364 736
364 738
364 872
364 1337
364 1349
364 1619
364 2005
364 2012
364 2148
364 2230
364 2293
364 2506
364 2794
364 3246
364 3267
364 3603
365 430
365 499
365 532
365 640
365 875
365 949
365 1587
365 2507
365 2582
365 2889
365 3088
365 3832
366 828
366 878
366 1091
366 1791
366 2959
366 3669
366 3808
367 374
367 409
367 516
367 962
367 980
367 1084
367 1104
367 1349
367 2536
367 2942
367 3037
367 3162
367 3598
367 3625
367 3945
368 560
368 614
368 1008
368 1321
368 2175
369 408
369 633
369 1733
369 1954
369 2638
369 2723
370 1839
370 2804
371 381
371 382
371 725
371 826
371 835
371 934
371 1159
371 1424
371 1887
371 2262
371 2290
371 2315
371 2552
371 3711
372 410
372 891
373 399
373 419
373 426
373 553
373 582
373 627
373 859
373 1058
373 1166
373 2184
373 2186
373 2250
373 3480
373 3648
374 609
374 694
374 1589
374 1619
374 1976
374 2084
374 2115
374 2319
374 2379
374 2742
374 2846
374 3250
374 3549
375 2062
375 3376
376 468
376 481
376 597
376 644
376 722
376 739
376 917
376 1315
376 1559
376 1745
376 1921
376 2076
376 2229
376 2236
376 2477
376 2531
376 2919
376 3825
377 461
377 1265
377 1341
377 1385
377 1487
377 2436
377 3300
377 3815
377 3828
378 654
378 686
378 2107
378 2401
378 2492
378 2827
378 2935
378 3013
378 3121
378 3369
378 3533
378 3624
379 388
379 624
379 980
379 1151
379 1386
379 1504
379 1562
379 1881
379 3090
379 3365
379 3882
380 471
380 621
380 1194
380 2314
380 2621
381 591
381 763
381 1378
381 2208
381 2498
381 2761
381 2888
381 3439
382 463
382 854
382 902
382 1066
382 1219
382 1503
382 1530
382 1585
382 1907
382 1970
382 2088
382 3477
382 3521
382 3614
382 3627
382 3979
383 566
383 637
383 641
383 741
383 779
383 887
383 1207
383 1414
383 1419
383 1466
383 1557
383 1840
383 1884
383 2113
383 2218
383 2795
383 3154
384 1664
384 3108
384 3817
385 792
385 1285
385 3068
385 3578
386 1319
386 1756
386 1780
386 2147
386 2198
386 2443
386 2897
386 3798
386 3879
386 3885
387 1099
387 1556
387 1984
387 3143
388 657
388 712
388 1107
388 1587
389 925
389 1257
389 1283
389 1855
389 3105
390 407
390 479
390 512
390 518
390 566
390 738
390 865
390 869
390 1019
390 1524
390 1877
390 2167
390 2209
390 3172
390 3252
390 3261
390 3293
390 3893
391 578
391 1141
391 2192
391 2361
392 446
392 459
392 724
392 946
392 971
392 1133
392 1350
392 1514
392 2260
392 3114
392 3272
392 3340
393 1567
393 2405
393 2482
393 3623
394 443
394 743
394 1047
394 1146
394 1248
394 1539
394 1604
394 2451
394 2804
394 2956
394 3446
395 413
395 702
395 3478
396 540
396 715
396 750
396 916
396 1333
396 1763
396 2641
396 3252
397 523
397 821
397 973
397 993
397 2130
397 2411
397 2549
397 2786
397 3008
398 503
398 647
398 665
398 785
398 831
398 1407
398 1710
398 1959
398 2165
398 2297
398 2347
399 2598
399 2807
399 3018
399 3608
400 431
400 455
400 1160
400 1274
400 2352
400 2539
400 2803
400 3010
400 3366
400 3572
401 577
401 877
401 1094
401 1430
401 1576
401 1721
401 1751
401 1949
401 2747
401 2851
401 3465
401 3480
401 3878
403 507
403 558
403 692
403 833
403 940
403 1246
403 1311
403 1461
403 1995
403 2177
403 2504
403 2615
404 407
404 518
404 583
404 848
404 980
404 1308
404 1327
404 1635
404 1871
404 2095
404 2468
404 2475
404 3245
404 3805
405 418
405 470
405 649
405 1482
405 1611
405 3466
406 469
406 542
406 626
407 431
407 3121
407 3173
407 3521
408 522
408 621
408 736
408 926
408 1135
408 1358
408 1894
408 2273
408 2806
408 3916
409 433
409 578
409 638
409 1343
409 2027
409 2288
409 2444
409 2471
409 3542
410 794
410 1939
410 2617
411 690
411 949
411 1376
411 1411
411 2803
411 2862
411 3073
411 3995
412 523
412 620
412 637
412 802
412 807
412 851
412 957
412 2211
412 3063
412 3211
413 694
413 809
413 881
413 981
413 1140
413 1153
413 1238
413 2018
413 2162
413 2326
413 2623
413 3942
414 1037
414 2286
414 2573
414 3332
414 3404
415 639
415 716
415 1003
415 1099
415 1444
415 1517
415 1549
415 1710
415 1725
415 1791
415 1910
415 2298
415 2891
415 3291
415 3595
415 3708
415 3737
415 3822
416 1420
416 1840
416 2098
416 2494
416 2677
416 3431
417 449
417 941
417 1237
417 2471
417 3382
417 3887
418 503
418 1926
418 1941
418 2258
418 2668
419 1326
419 1798
419 2825
420 1228
420 2344
420 2378
420 2563
420 2590
420 2781
420 2905
420 2937
420 2985
420 3190
420 3834
421 659
421 840
421 1031
421 2239
421 2501
422 443
422 653
422 754
422 979
422 1057
422 1186
422 2337
422 2634
422 2985
422 3180
422 3250
423 512
423 968
423 1119
423 1242
423 1722
424 2228
425 664
425 978
425 1392
425 1790
425 2009
425 2555
425 2755
425 3072
425 3148
426 532
426 2523
426 3046
426 3206
427 435
427 463
427 485
427 504
427 652
427 699
427 747
427 783
427 807
427 870
427 1570
427 1625
427 1964
427 2099
427 2372
427 2509
427 3126
427 3177
427 3689
427 3732
428 948
428 977
428 1243
428 1397
428 2057
428 2409
428 2746
429 717
429 863
429 918
429 957
429 1410
429 1464
429 1874
429 1980
429 2233
429 2234
429 2395
429 2426
429 2811
429 2878
429 3145
429 3850
430 480
430 552
430 1684
430 1784
430 1823
431 600
431 616
431 699
431 898
431 899
431 2086
431 2566
431 3708
432 1760
432 2078
433 1067
433 1259
433 1263
433 1648
433 1788
433 1911
434 1021
434 1249
434 1269
434 1571
434 2812
434 3154
434 3437
435 812
435 1545
435 2454
436 481
436 1445
436 1826
436 1978
436 2353
436 3522
436 3686
437 714
437 777
437 876
437 1144
437 1439
437 1529
437 2016
437 2163
437 2716
437 2717
437 3008
437 3166
437 3546
438 609
438 759
438 933
438 1201
438 1484
438 1804
438 2073
438 2140
438 2227
438 2942
438 3580
438 3610
438 3643
439 470
439 485
439 498
439 642
439 740
439 826
439 1005
439 1390
439 1610
439 1746
439 1771
439 1801
439 1827
439 1870
439 2269
439 2462
439 2668
439 3364
439 3684
439 3726
439 3741
439 3778
439 3969
440 650
440 675
440 750
440 831
440 2134
440 3449
440 3600
441 886
441 1216
441 1510
441 1590
441 2456
441 2510
441 2684
441 3708
442 864
442 870
442 975
442 1057
442 1134
442 1263
442 1288
442 1291
442 1413
442 1451
442 1799
442 1851
442 1912
442 1970
442 2023
442 2171
442 2525
442 2910
442 3031
442 3214
442 3519
443 778
443 817
443 843
443 1481
443 1683
443 2635
443 2659
443 2694
443 3123
444 655
444 864
444 1325
444 1663
444 2517
445 476
445 572
445 710
445 997
445 1014
445 1052
445 1354
445 1938
445 2004
445 2578
445 3019
445 3191
445 3400
445 3916
446 764
446 1253
446 1915
446 2095
446 2593
446 2809
446 2856
446 3551
446 3965
447 636
447 862
447 946
447 1443
447 1637
447 1824
447 2205
447 2657
448 463
448 804
448 950
448 1186
448 2078
448 3719
449 492
449 555
449 704
449 728
449 762
449 785
449 840
449 1023
449 1071
449 1622
449 1684
449 1785
449 1798
449 1930
449 2099
449 2375
449 3348
449 3398
449 3473
450 660
450 751
450 763
450 1024
450 1248
450 1298
450 1843
450 2831
450 2973
450 3806
450 3938
451 482
451 577
451 581
451 629
451 788
451 792
451 888
451 905
451 1061
451 1100
451 1183
451 1236
451 1943
451 2121
451 2250
451 2290
451 2387
451 2737
451 2978
451 3246
451 3942
452 460
452 536
452 542
452 553
452 768
452 827
452 858
452 1334
452 1391
452 1864
452 2181
452 2245
452 2797
452 3167
452 3846
453 698
453 880
453 963
453 2223
453 2228
453 2438
453 3280
453 3365
453 3489
453 3713
454 457
454 748
454 796
454 830
454 1068
454 1347
454 1667
454 2732
454 2871
454 3254
455 486
455 564
455 587
455 683
455 1139
455 1285
455 2083
455 3748
455 3866
456 646
456 652
456 860
456 1845
456 2097
456 2858
456 2943
456 3116
456 3229
456 3636
457 1016
457 1165
457 1225
457 1848
457 1855
457 2211
457 3550
457 3684
457 3959
458 984
459 705
459 1064
459 1675
459 2012
459 2545
459 2808
459 2848
459 2996
459 3670
460 935
460 1860
460 1947
460 2363
460 3019
460 3588
461 468
461 517
461 994
461 1312
461 1499
461 1782
461 1784
461 1901
461 2705
461 2861
461 3295
461 3840
462 684
462 841
462 877
462 1130
462 1206
462 1529
462 2242
462 2300
462 3878
463 917
463 970
463 1193
463 1687
463 1849
463 1888
463 2016
463 2707
463 3211
463 3419
463 3813
464 471
464 710
464 814
464 843
464 951
464 968
464 1027
464 1076
464 1192
464 1314
464 1469
464 1542
464 1655
464 1988
464 2457
464 2986
464 3306
465 482
465 630
465 663
465 985
465 1150
465 1152
465 1417
465 2204
465 2312
465 2700
465 2836
465 3481
466 977
466 1256
466 2788
466 2956
466 3221
466 3735
468 575
468 608
468 688
468 764
468 801
468 819
468 1022
468 1143
468 1191
468 1268
468 1290
468 1540
468 2458
468 2500
468 2721
468 3268
469 684
469 919
469 2949
469 3099
469 3519
469 3624
470 538
470 628
470 739
470 1017
470 1665
470 2520
470 2787
470 3987
471 2309
472 579
472 2640
473 659
473 908
473 1147
473 1834
473 2724
474 935
474 1107
474 1230
474 2132
474 3242
475 599
475 830
475 869
475 938
475 1227
475 3445
475 3642
476 1344
476 1379
476 1807
476 2067
476 2135
476 2297
477 817
477 929
477 997
477 1112
477 1387
477 1627
477 1705
477 1722
477 1792
477 1863
477 1952
477 2088
477 2142
477 2221
477 2491
477 2555
477 2686
477 2720
477 2822
477 3030
477 3085
477 3238
477 3629
477 3776
477 3824
478 810
478 1250
478 1555
478 1863
478 2103
478 3666
479 2169
479 2340
479 3874
480 612
480 932
480 1131
480 1686
480 2305
480 2618
480 2823
480 3000
480 3047
481 725
481 868
481 1181
481 1394
481 2514
481 2535
481 2659
481 3375
481 3712
482 872
482 1398
482 1676
482 1712
482 2126
482 2744
483 591
483 655
483 718
483 918
483 1081
483 1323
483 1679
483 2306
483 2839
483 2910
483 3025
483 3249
483 3454
484 836
484 913
484 1125
484 1202
484 1373
484 1385
484 1407
484 1428
484 1942
484 2733
485 949
485 991
485 1116
485 2579
485 2774
485 3326
485 3543
485 3645
485 3868
486 616
486 751
486 797
486 842
486 1072
486 1226
486 1908
486 2277
486 2338
486 2728
486 3028
486 3994
487 791
487 813
487 891
487 942
487 1181
487 1281
488 724
488 952
488 1038
488 1243
488 1639
488 2118
488 2202
488 2225
489 826
489 856
489 963
489 2925
489 2932
489 3528
489 3930
490 971
490 2848
490 2890
491 1886
491 2043
491 2928
491 3032
492 511
492 708
492 907
492 937
492 1060
492 1354
492 1650
492 2488
492 3429
492 3988
493 1110
493 1558
493 2707
493 3386
494 1130
494 1538
494 1931
494 2477
494 3431
495 1222
495 1717
495 2078
495 2646
495 2662
496 1948
496 2987
497 643
497 726
497 795
497 1070
497 1215
497 1733
497 2162
497 2381
497 2607
497 3514
497 3577
497 3616
497 3997
498 653
498 1366
498 3157
498 3990
499 509
499 1046
499 2111
499 2949
499 3661
500 573
500 753
500 866
500 1172
500 1310
500 1568
500 1597
500 1999
500 2410
500 2967
500 3025
500 3350
500 3358
500 3946
501 848
501 857
501 1242
501 1278
501 1353
501 1460
501 1780
501 2175
501 2466
501 2906
501 3029
501 3209
501 3804
501 3881
501 3967
502 1012
502 1114
502 1221
502 1471
502 1794
502 1864
502 2137
502 2152
502 2875
502 2948
502 3121
502 3255
502 3676
502 3877
503 953
503 1127
503 2086
503 2167
503 2487
503 2954
503 3235
503 3582
504 576
504 623
504 3437
504 3807
505 548
505 692
505 1237
505 1399
505 1650
505 2745
505 3829
506 580
506 716
506 1190
506 3370
507 577
507 593
507 597
507 708
507 889
507 1760
507 1885
507 1906
507 2248
507 2560
507 2588
507 2857
507 3113
507 3157
507 3175
507 3419
508 605
508 944
508 1849
508 1991
508 2469
508 3489
509 528
509 776
509 1344
509 1452
509 1513
509 1629
510 676
510 732
510 934
510 1512
510 1691
510 3346
510 3461
511 1313
511 2048
511 2768
511 3483
511 3635
512 578
512 990
512 1085
512 1585
512 1806
512 2334
512 2660
512 2841
513 1101
514 1044
514 1876
514 2193
514 2412
514 2466
514 3220
514 3277
515 2845
515 3632
516 723
516 1428
516 1807
516 2371
516 2441
516 2881
516 3009
516 3953
516 3963
517 557
517 574
517 787
517 849
517 894
517 1228
517 1686
517 1765
517 1953
517 2789
517 2800
517 2889
517 3442
517 3560
517 3579
518 1884
518 2460
518 3310
518 3339
518 3512
518 3604
518 3798
519 887
519 1607
519 1741
519 1768
519 2081
519 2362
519 3192
520 2069
520 2125
520 2355
520 3303
521 533
521 1720
522 1249
522 1960
522 1968
522 2106
522 2685
522 2794
522 3003
522 3223
522 3467
523 693
523 1533
523 1887
523 2265
523 2567
523 2651
523 2702
523 2812
524 603
524 670
524 822
524 951
524 974
524 1026
524 1200
524 1239
524 1342
524 1402
524 2407
524 2912
524 2926
524 3013
524 3419
524 3776
524 3835
525 597
525 918
525 1606
525 1985
525 2224
525 2788
525 3639
526 2337
526 2612
526 2870
527 568
527 648
527 697
527 710
527 755
527 787
527 1092
527 1257
527 1273
527 1315
527 1356
527 1489
527 1517
527 2484
527 2840
527 2887
527 3615
528 766
528 899
528 1329
528 1352
528 1694
528 2262
528 2310
528 2816
528 3586
528 3654
529 1497
529 2613
530 1654
530 1951
530 2647
530 3347
531 920
531 1244
531 1456
531 2188
531 2317
531 2404
531 2446
531 2921
531 2957
531 3452
531 3992
532 791
532 1421
532 1565
532 2000
532 2139
532 2140
532 2253
532 2259
532 2651
532 3254
533 860
533 987
533 990
533 1540
534 590
534 1065
534 1513
534 1711
534 2052
534 2391
534 3213
534 3415
534 3830
535 1295
535 1340
535 1532
535 1618
535 1736
535 2019
535 2084
535 2521
535 2748
535 2856
535 3146
535 3368
535 3483
535 3786
535 3954
536 555
536 820
536 1493
536 1512
536 1537
536 2054
536 2298
536 2325
536 2453
536 2551
536 2552
536 2915
536 3271
536 3340
536 3970
537 682
537 786
537 1494
537 1834
537 2602
537 3864
537 3906
537 3919
538 763
538 946
538 984
538 1287
538 1494
538 1948
538 2229
538 3670
538 3718
539 647
539 988
539 1009
539 1284
539 1327
539 1501
539 2224
539 2468
539 2736
539 2847
539 3208
539 3217
539 3526
540 560
540 3327
540 3486
541 731
541 1111
541 1757
541 1800
541 2482
541 2888
542 1710
542 2188
543 1025
543 2561
544 942
544 1565
544 2047
544 3296
544 3663
545 703
545 1106
545 1356
545 1715
545 2992
546 834
546 1225
546 1243
546 1561
546 2587
546 3434
546 3642
547 950
547 2106
547 2697
547 3455
548 752
548 898
548 1021
548 2180
548 2492
548 3089
548 3595
549 595
549 939
549 1579
549 1846
549 2355
549 2869
549 3501
549 3834
550 661
550 1127
550 1417
550 1809
550 2213
550 2461
551 1193
551 1247
551 3000
552 554
552 1056
552 1713
552 1964
553 672
553 779
553 885
553 957
553 1649
553 1897
553 2038
553 2415
553 2449
553 2610
553 3248
553 3458
553 3488
554 584
554 709
554 737
554 1007
554 1544
554 2119
554 3012
554 3134
554 3286
555 596
555 1393
555 2226
555 2257
555 2749
556 1042
556 2443
556 2753
556 2852
556 3017
557 3525
557 3968
558 686
558 701
558 802
558 1175
558 1927
558 2992
558 3650
559 725
559 780
559 2334
560 593
560 3055
560 3723
560 3945
561 1627
561 1986
561 2586
561 3288
561 3902
562 655
562 1399
562 1473
562 2729
562 3153
563 616
563 882
563 1077
563 1190
563 1501
563 1533
563 1722
563 1745
563 2029
563 2557
563 2628
563 2713
563 3617
563 3791
564 698
564 1134
564 1474
564 1512
564 1689
564 2109
564 3547
564 3785
564 3847
565 570
565 720
565 730
565 801
565 939
565 975
565 1484
565 1535
565 1693
565 1869
565 2013
565 2120
565 2373
565 2819
565 2825
565 2850
566 2948
566 3830
567 2315
567 2744
568 1205
568 2604
568 2725
568 2870
568 3087
568 3395
569 1952
569 2341
569 3548
569 3633
569 3822
569 3927
570 587
570 864
570 1410
570 1768
570 2243
570 2838
570 3782
572 1088
572 1105
573 656
573 682
573 1419
573 1832
573 3222
573 3255
573 3821
574 1809
574 2001
574 2069
574 3364
574 3578
575 607
575 838
575 873
575 1784
575 1871
575 2520
575 3076
575 3345
575 3817
576 609
576 624
576 677
576 714
576 924
576 1277
576 1776
576 3550
576 3581
577 834
577 1732
577 1900
577 3274
578 683
578 913
578 1096
578 2065
578 2237
578 2606
578 3386
578 3454
578 3590
579 968
579 1103
579 1215
579 1249
579 1734
579 2479
579 2770
579 3167
579 3387
579 3513
580 964
580 1199
580 2078
580 2090
580 2412
580 2563
580 3474
580 3721
581 661
582 781
582 1055
582 1246
582 1338
582 1663
582 2071
582 3438
582 3516
582 3948
583 1369
583 1767
583 2051
583 2995
584 909
584 1053
584 1128
584 1757
584 2044
584 3350
585 2124
586 1347
586 1391
586 2228
586 2256
586 3471
586 3659
587 1670
587 2700
588 867
588 1357
588 2010
588 2301
588 3366
589 711
589 1082
589 1318
589 1859
589 2200
589 2313
589 2444
589 2703
590 1126
590 2204
590 3020
590 3649
591 2671
592 765
592 1449
592 1489
592 1598
592 3528
592 3643
592 3857
592 3898
593 629
593 1099
593 1124
593 1301
593 3077
593 3963
594 1541
594 1850
594 2263
594 2534
594 3415
595 724
595 1032
595 1176
595 2336
595 2591
596 761
596 773
596 961
596 1025
596 1146
596 1416
596 2320
596 2990
596 3070
596 3428
596 3840
596 3879
596 3973
597 1446
597 2422
597 3456
598 754
598 1195
598 3076
599 668
599 719
599 734
599 779
599 951
599 965
599 1411
599 1979
599 2037
599 2976
599 3001
599 3040
599 3264
599 3691
600 1095
600 1284
600 2478
601 1184
601 1577
601 2209
601 2288
601 2879
601 3876
602 800
602 1020
602 1084
602 1994
602 2105
602 2253
602 2791
602 2906
602 3439
602 3519
603 1310
603 1336
603 3888
604 905
604 934
604 1326
604 1552
604 3381
604 3530
604 3673
605 2417
605 2991
605 3229
606 1602
606 2005
607 1046
607 1586
607 1681
607 2248
607 3170
607 3741
608 903
608 1142
608 2132
609 668
609 1899
609 3098
609 3453
609 3630
609 3659
610 805
610 828
610 908
610 1159
610 1348
610 1352
610 1963
610 2361
610 2437
611 3267
611 3666
611 3677
612 948
612 1238
612 1499
612 1659
612 2114
612 2166
612 2636
612 3494
613 1028
613 1203
613 1234
613 1266
613 1457
613 1488
613 2438
613 2455
613 3310
613 3848
614 618
614 854
614 959
614 1047
614 1101
614 1146
614 1475
614 1631
614 1632
614 1846
614 1900
614 2001
614 2059
614 2117
614 2230
614 2277
614 2501
614 2550
614 2605
614 2967
614 3324
614 3531
614 3758
614 3818
615 700
615 1170
615 1844
615 3339
615 3652
616 921
616 1623
616 1730
616 1749
616 2359
616 2406
616 3028
616 3950
617 625
617 770
617 1309
617 1480
617 1498
617 1787
617 1918
619 703
619 762
619 904
619 1074
619 1196
619 1442
619 1503
619 1602
619 1730
619 1788
619 1847
619 2740
619 3327
619 3882
619 3993
620 998
620 1015
620 1207
620 1889
620 2110
620 2447
620 2644
620 3258
621 823
621 855
621 2334
621 3881
622 865
622 895
622 932
622 1499
622 1698
622 1957
622 3260
622 3495
622 3564
623 1098
623 1105
623 1155
623 1491
623 1691
623 2122
623 2131
623 3706
623 3724
624 2103
625 1179
625 1508
625 1578
625 1823
625 2476
625 2599
625 3667
626 715
626 2044
626 2279
626 2296
626 2581
626 2953
626 3074
626 3197
626 3387
627 712
627 914
627 993
627 1831
627 1916
627 2750
627 2896
628 951
628 1096
628 2338
628 2526
629 1714
629 2304
630 693
630 711
630 718
630 1851
630 2102
630 3403
631 732
631 807
631 923
631 1084
631 1323
631 1592
631 1692
631 1755
632 704
632 1531
632 1933
632 3531
633 667
633 722
633 870
633 1574
633 1686
633 1866
633 2265
633 2679
633 2779
633 3057
633 3854
634 749
634 1972
635 1727
635 1886
635 2596
635 2763
635 3379
635 3913
636 1003
636 1164
636 2113
636 2831
636 3464
637 701
637 745
637 992
637 1042
637 1398
637 1910
637 2179
637 3241
638 723
638 2317
638 2960
638 3858
639 666
639 679
639 891
639 2369
639 3003
640 1104
640 1108
640 1631
640 2006
640 2104
640 2467
640 2680
640 2951
640 3608
640 3848
641 719
641 738
641 1021
641 1974
641 2029
641 2033
641 2603
641 2864
641 2990
641 3265
641 3299
641 3532
641 3557
641 3941
642 803
642 1079
642 2828
642 2958
642 3084
642 3507
642 3900
643 727
643 1534
643 1711
643 1944
643 2189
643 3181
643 3425
643 3886
644 3222
644 3476
644 3591
644 3811
645 2608
645 2695
646 873
646 1197
646 2085
646 2510
646 2761
646 3063
646 3338
646 3509
646 3779
647 2455
647 2639
647 3179
647 3435
648 947
649 894
649 1545
650 978
650 1504
651 855
651 1945
651 2238
651 2915
652 923
652 1681
652 1800
652 3427
653 2089
653 2459
654 702
654 1009
654 1043
654 1605
654 1632
654 2032
654 2129
654 2213
654 2780
654 2809
654 3582
654 3665
655 1674
656 975
656 2047
656 3680
657 903
657 1232
657 1665
657 1952
657 2038
657 2708
657 2994
657 3280
657 3418
658 676
658 750
658 1440
658 1519
658 1636
658 2120
658 2143
658 3092
658 3543
659 1256
660 756
660 1174
660 1254
660 1272
660 1644
660 1925
660 1966
660 3756
661 969
661 1145
661 1341
661 2317
661 3038
662 674
662 1596
662 1778
662 2249
662 2264
662 2885
662 3218
662 3244
663 2232
663 2544
663 2914
663 3248
663 3353
663 3759
664 1527
664 3215
664 3775
664 3818
665 886
665 2183
665 2615
665 3162
667 722
667 823
667 1135
667 1717
667 2127
667 2296
667 2351
667 3000
667 3643
667 3935
668 900
668 1251
668 1504
668 1815
668 2379
668 2932
668 3871
669 3558
670 1161
670 1465
670 1858
670 3048
670 3051
671 1595
671 1878
671 1954
671 2137
671 3878
672 1605
672 1993
673 719
673 815
673 1207
673 1420
673 2168
673 2292
673 2953
673 3920
674 1016
674 3817
675 3380
675 3855
676 914
676 943
676 2142
677 689
677 706
677 790
677 982
677 1010
677 1367
677 1376
677 2440
677 3618
677 3633
678 1304
678 1937
679 777
679 1108
679 1466
679 1883
679 1975
679 2345
679 2916
679 3318
679 4000
680 1213
680 1837
680 2216
680 3898
680 3985
681 773
681 1241
681 1440
681 2249
681 2420
681 2580
681 2735
681 3931
682 2661
682 2943
682 2980
683 874
683 1328
683 1354
683 1361
683 1365
683 1448
683 2277
683 3152
683 3226
683 3482
684 707
684 815
684 1012
684 1092
684 3842
685 880
685 1505
685 1793
685 2386
685 2666
685 3113
685 3431
686 1002
686 1897
686 2306
686 2957
686 3320
687 945
687 1538
687 2120
687 3074
688 781
688 1087
688 1316
688 1545
688 2073
688 2602
688 2619
688 2702
688 2830
688 3319
688 3806
689 696
689 760
689 914
689 1753
689 2892
689 3496
689 3822
690 1265
690 1302
690 3001
690 3179
690 3302
690 3395
690 3777
691 835
691 1412
691 1437
691 2250
691 2655
692 733
692 1133
692 1194
692 1353
692 1523
692 1997
692 3097
692 3600
692 3717
692 3893
693 769
693 1335
693 2243
693 2371
693 2766
693 2988
693 3397
694 1474
694 1890
694 2464
694 2958
694 3067
694 3559
694 3858
695 996
695 1046
695 1547
695 1794
695 1850
695 1889
695 2052
695 2214
695 2837
695 2852
695 3082
695 3467
695 3583
695 3864
695 3955
696 1288
696 2717
696 3173
696 3802
696 3857
697 774
697 2746
697 3074
698 1494
698 1766
698 1791
698 3433
698 3661
699 876
699 885
699 1051
699 1174
699 1263
699 1508
699 2222
699 2286
699 2622
699 3470
700 975
700 1060
700 1203
700 2711
701 1212
701 1260
701 1451
701 3106
701 3623
701 3794
701 3898
702 1381
702 3710
703 966
703 1355
703 1434
703 1446
703 2344
703 2503
703 2546
703 3302
703 3796
704 981
704 1001
704 1088
704 1238
704 1254
704 1346
704 2099
704 3320
705 2569
705 2650
705 3022
705 3133
705 3147
705 3164
705 3810
706 948
706 1101
706 1275
707 1981
707 2538
707 3532
708 2703
709 2173
709 2983
710 833
710 1403
710 1484
710 1783
710 2321
710 2596
710 3048
710 3715
711 1478
711 1492
711 2161
711 2618
711 3090
712 737
712 1389
712 1506
712 1674
712 2850
712 3462
713 1290
713 1578
713 1647
713 1896
713 3379
714 1480
714 2027
714 2032
714 2098
714 2242
714 2834
714 3378
714 3499
714 3880
715 1482
715 1759
715 2960
716 774
716 1455
716 1779
716 2330
716 3430
717 985
717 1233
717 1254
717 1257
717 1287
717 1496
717 1747
717 2957
718 884
718 1179
718 1194
718 1266
718 2796
718 2810
718 3821
719 731
719 2016
720 981
720 1645
720 2235
720 3560
721 869
721 1162
721 1205
721 1278
721 1405
721 1676
721 2081
721 2106
721 2282
721 2383
721 2670
721 2933
721 3001
721 3289
722 1845
722 2082
722 2382
722 3087
722 3129
723 770
723 872
723 1044
723 1251
723 1424
723 1709
723 2331
723 2458
723 2792
723 2917
723 2931
723 3607
724 928
724 1979
724 2142
724 3300
724 3910
725 2738
725 3018
725 3370
725 3767
726 1199
726 1524
726 1994
726 2710
727 778
727 2085
727 2302
727 2535
727 2699
727 2904
727 3321
727 3973
728 947
728 1345
729 2423
729 3384
729 3490
730 1040
730 2343
730 2965
730 3191
730 3381
730 3389
730 3529
731 848
731 1403
731 1873
732 799
732 967
732 1859
732 2072
732 2330
732 2541
732 2849
733 1109
733 1926
734 2405
735 1820
735 2626
735 2963
737 1508
737 1887
737 3225
738 1042
738 1197
738 2097
738 2235
738 3001
738 3078
738 3414
739 928
739 935
739 1882
740 937
740 1705
740 2200
740 2984
740 3834
740 3853
741 955
741 1040
741 1938
741 3254
741 3773
742 751
742 1716
742 2535
742 3100
742 3978
743 1083
743 1211
743 1916
743 2661
743 3360
744 1209
744 2157
744 2377
744 2404
744 2971
744 3420
745 819
745 1160
745 1590
745 1873
745 2057
745 2162
745 2548
745 2603
745 3748
746 1816
747 958
747 1011
747 1253
747 1377
747 1401
747 2300
747 2894
747 3043
747 3414
747 3515
747 3896
748 839
748 1119
748 1226
748 1325
748 1367
748 1726
748 3226
748 3374
748 3526
748 3979
749 1889
749 2081
749 2380
749 3704
750 834
750 1177
750 1891
750 2920
750 3492
750 3646
751 1086
751 1436
751 2074
751 2257
751 2584
751 3128
751 3172
751 3397
752 1916
752 2118
753 1518
753 1774
753 1895
753 2226
754 756
754 1074
754 1301
754 2576
754 2805
754 3434
754 3488
754 3629
754 3975
755 756
755 3105
755 3674
756 1244
756 1400
756 1424
756 2891
757 1244
758 1008
758 1106
758 1110
758 1303
758 1539
758 1642
758 1708
758 1986
758 2408
758 2783
758 3182
758 3504
759 877
759 900
759 1210
759 1371
759 1528
759 2064
759 2522
760 847
760 978
760 1001
760 1063
760 1295
760 1575
760 1831
760 2200
760 3202
760 3638
761 1105
761 1943
761 2241
761 3314
761 3500
762 1436
762 2119
762 2911
762 3089
763 1182
763 2477
763 3802
764 952
764 1013
764 1160
764 2382
764 3097
764 3511
764 3559
764 3789
765 1219
765 2707
766 913
766 1904
766 2724
766 3937
767 1927
767 2195
767 3181
768 1029
768 1268
768 1363
768 2597
768 3041
768 3066
768 3912
768 3953
769 797
769 1750
769 1786
769 2189
769 2756
771 837
771 1214
771 1348
771 1550
771 2287
771 2314
771 2414
771 2943
772 1030
772 1801
772 2055
772 2941
772 3108
772 3116
772 3424
772 3513
773 896
773 1104
773 1472
773 1559
773 1665
773 2116
773 2907
774 829
774 2352
775 1023
775 1267
775 2200
775 2584
775 3104
776 1162
776 1465
777 2238
777 2688
777 2789
777 3372
777 3689
778 1926
779 3913
780 1086
780 3959
781 1172
781 2178
782 784
782 888
782 920
782 932
782 3011
782 3250
782 3328
782 3539
782 3724
783 831
783 1023
783 1183
783 1578
783 1965
783 2373
783 2816
783 3295
783 3392
784 1013
784 1367
784 1723
784 2370
785 1168
785 1398
785 1447
785 1449
785 1573
785 1657
785 2370
785 3638
785 3679
786 1031
786 1429
786 3698
787 834
787 838
787 901
787 1108
787 1458
787 1570
787 1706
787 1747
787 1760
787 1996
787 2309
787 3376
787 3837
788 3711
789 836
789 1224
789 1395
789 1462
789 1767
789 2118
789 2675
789 3700
789 3944
790 820
790 1089
790 1751
790 1761
790 2685
790 2750
790 3360
791 1148
791 1533
791 1556
791 2178
791 3760
792 971
792 1225
792 1433
792 1818
792 1899
792 1968
792 2105
792 2405
792 2939
792 3568
792 3713
793 796
793 797
793 905
793 2274
793 2718
793 3044
793 3252
794 1047
794 2665
794 2928
794 3030
795 1122
795 1211
795 1920
795 2717
795 2775
796 894
796 999
796 1743
796 2148
796 2327
796 2436
796 2811
796 3399
796 3770
797 810
797 842
797 961
797 1016
797 1645
797 1813
797 2739
797 3076
797 3738
797 3776
797 3809
798 842
798 1281
798 1753
798 2787
799 2217
800 816
800 849
800 1416
800 2773
800 3125
800 3207
801 1204
801 1339
801 1537
801 2454
801 3315
802 1110
802 1421
802 1758
802 2592
802 2817
803 1749
803 1760
803 3766
804 989
804 1213
805 970
805 1870
805 2220
805 2433
805 2534
805 3210
806 1127
806 1243
806 1528
806 1595
806 2269
806 2701
808 1035
808 1177
808 1294
808 2190
809 2000
809 2161
809 2712
810 904
810 1188
810 1298
810 1843
810 2412
810 2438
810 2755
810 2840
810 2893
810 2897
811 1535
811 1702
811 2254
812 2237
812 2621
812 3061
813 1233
813 1287
813 2094
813 3004
813 3231
813 3970
814 911
815 1815
815 2973
815 3215
815 3520
815 3544
815 3717
816 1340
816 1600
816 3143
816 3417
816 3425
816 3997
817 828
817 903
817 979
817 2395
817 2461
817 2544
817 2621
817 3818
818 2272
818 2727
819 1100
819 1314
819 2040
820 1180
820 1330
820 1739
820 2462
820 3188
820 3648
821 1011
821 2854
821 2868
821 3998
822 3078
822 3326
823 1364
823 2976
824 841
824 895
824 1915
824 1981
824 2258
824 3775
825 2325
826 976
826 3945
827 1058
827 1663
827 1783
827 2722
828 1595
828 1822
828 1930
828 3444
828 3889
829 1373
830 1016
830 2983
830 3267
830 3438
831 2013
831 2094
831 2141
831 3542
831 3732
831 3794
831 3923
831 3956
832 1996
832 2456
832 2589
833 853
833 1898
833 1933
833 2527
833 2625
833 3755
834 1043
834 1050
834 1051
834 1131
834 1201
834 1306
834 1767
834 1914
834 2058
834 2125
834 2356
834 2383
834 2430
834 2470
834 2981
834 3647
834 3914
834 3968
835 1592
835 2934
835 3332
835 3779
836 1038
836 1995
836 3197
836 3622
837 1066
837 1285
837 1598
837 1750
837 1874
837 2246
837 2457
837 2945
837 2975
837 3062
837 3189
838 964
838 1536
838 1668
838 2039
838 2671
838 2956
838 3259
838 3679
839 858
839 969
839 987
839 1149
839 1621
839 1790
839 1930
839 2168
839 2276
839 2813
839 3828
839 3969
841 895
841 1729
841 2736
841 3293
841 3545
841 3781
841 3854
842 1277
842 1306
842 2961
843 1009
843 1015
843 1082
843 1111
843 1113
843 1199
843 1282
843 1292
843 1438
843 1519
843 1624
843 1688
843 2612
843 2695
843 2851
843 3400
843 3623
844 1208
844 1298
844 1625
844 2388
844 2933
845 998
845 1250
845 1705
845 3730
846 1480
846 1566
846 1614
846 2346
846 2419
846 3101
846 3440
847 947
847 1897
847 2564
848 861
848 1260
848 1324
848 2295
848 2385
848 3981
848 3996
849 2147
849 2883
849 3039
849 3334
849 3464
850 1216
850 2731
851 1149
851 1896
851 1942
851 2788
851 3476
851 3540
851 3925
852 1242
852 1296
852 1603
852 1915
852 1944
852 2823
852 3336
852 3457
852 3460
852 3728
853 892
853 2217
853 2233
853 2273
853 3335
853 3860
854 1180
854 1372
854 1479
854 3876
854 3884
856 888
856 1122
856 1748
856 1805
856 1904
856 2821
856 3658
857 1063
857 1137
857 1338
857 1467
857 1516
857 2041
857 2536
857 2664
857 2876
858 1572
858 2149
858 3083
859 1000
859 1338
859 1612
859 2155
859 2479
859 3022
859 3200
860 1020
860 1164
860 1379
860 1497
860 2838
860 3122
860 3156
861 1641
861 1654
861 2053
861 2415
861 2430
862 899
862 1752
862 2416
862 2530
862 2590
862 3541
863 1652
863 1708
863 2112
863 2179
863 3349
863 3447
863 3695
864 1330
864 1810
864 1967
864 2307
864 2322
864 2460
864 2815
865 1473
865 2269
865 2307
865 2637
865 2710
866 1325
866 1685
866 2156
866 2257
867 922
867 1025
867 1214
867 1234
867 1311
867 2082
867 2721
867 2796
867 3195
868 1597
868 2693
868 2899
868 3208
868 3235
868 3280
868 3982
869 1249
869 1478
869 2758
870 1411
870 1437
870 1523
870 1527
870 1649
870 2080
870 3826
871 1204
871 1211
871 3651
873 1420
873 1826
873 2523
873 2830
874 911
874 996
874 1049
874 1810
874 2074
874 2374
874 2841
875 931
875 1040
875 1117
875 1683
875 1833
875 2686
875 2730
876 1874
876 1890
876 2478
876 2988
876 3366
876 3594
876 3601
876 3734
876 3875
877 2493
878 933
878 3021
878 3389
879 1478
879 1918
880 1147
880 2318
880 3286
881 998
881 1588
881 2175
881 2580
881 3171
882 1322
882 1331
882 2128
882 2473
882 3021
882 3283
882 3641
882 3686
882 3831
883 1268
883 3169
883 3983
884 1103
884 3547
884 3711
885 929
885 1036
885 1515
885 1542
885 2133
886 890
886 1319
886 1527
886 2961
887 893
887 2122
887 3026
887 3142
888 1625
890 1149
891 2365
891 3205
891 3789
892 984
892 1096
892 1343
892 1362
892 1723
892 2256
892 2530
892 3789
892 3791
893 1037
893 1187
893 1634
893 2355
894 992
894 3407
895 1086
895 2037
895 2940
895 3170
896 2229
896 2354
897 900
897 1019
897 1027
898 1408
899 916
899 991
899 2244
899 2988
900 1931
901 3424
901 3807
902 1080
902 2485
902 3556
902 3987
903 2433
903 2944
904 1582
905 1597
906 1129
906 1206
906 1671
906 1863
906 2441
906 2609
906 3341
907 1056
907 1167
907 1427
907 1516
907 1675
907 2051
907 2503
907 2794
907 3647
907 3685
907 3773
907 3888
907 3962
908 1005
908 1198
908 1921
908 2554
908 2695
908 2921
908 3278
908 3523
908 3670
909 1252
909 1869
909 2397
909 2610
909 2726
909 3061
909 3125
909 3144
909 3816
910 1305
910 3573
910 3986
911 1765
912 921
912 2203
912 2996
913 2509
913 2782
915 1766
915 1817
915 2014
915 2276
915 2358
915 2427
915 2571
916 1812
916 2868
916 3044
917 1394
917 1626
917 2394
917 2519
918 2426
918 3448
919 1407
919 2338
919 2649
919 3098
919 3333
920 1651
920 2673
920 3999
921 1675
921 2500
922 994
922 1221
922 3117
922 3811
923 2043
925 1149
925 1266
925 1700
925 1737
925 1974
925 2174
925 2793
925 2844
926 2284
926 2738
927 1648
927 1674
927 2177
927 3500
927 3856
928 1271
928 1375
928 1534
928 1691
928 1772
928 2512
928 2748
928 3392
928 3859
929 1468
929 1516
929 1937
929 2746
929 3726
930 1053
930 1067
930 1711
930 1817
930 1962
930 2126
930 2543
930 2665
930 3281
930 3316
930 3458
930 3766
931 1080
931 2101
931 2240
931 3495
931 3560
931 3962
932 938
932 2108
932 2148
932 2652
932 3492
932 3521
933 1077
933 1586
933 1773
933 1904
933 1924
933 2472
933 2561
934 1312
934 1892
934 3032
934 3294
934 3437
935 1022
935 1312
935 1697
935 2487
935 3751
936 1044
936 1509
936 1746
936 1894
936 1935
936 2328
936 2419
936 2662
936 3134
936 3647
937 1256
937 1858
937 2082
937 2091
937 2682
937 3397
938 2994
938 3358
938 3524
939 1144
939 2196
939 2428
939 3440
940 3603
941 1808
941 2156
941 2777
941 3532
941 3852
942 2130
942 2802
942 3141
942 3549
942 3694
944 1672
944 2915
944 3006
944 3574
945 1125
945 1447
945 1507
945 1724
945 2770
945 2930
947 1052
948 2647
949 961
949 2914
950 989
950 1274
950 1277
950 1600
950 1697
951 1168
951 1650
951 1682
951 3221
951 3558
951 3853
952 1061
952 1117
952 3237
953 1333
953 2895
953 3407
954 1045
954 1813
954 1850
955 972
955 1386
955 1414
955 2191
955 2934
955 3183
956 1004
956 1045
956 1590
956 2393
956 3648
957 3273
957 3473
958 1366
958 1856
958 2730
959 1824
959 2151
959 3661
960 1033
960 2215
960 2893
960 3882
961 1143
961 1190
961 1231
961 1695
961 1696
961 2030
961 2440
961 2743
961 2952
961 3264
961 3602
961 3701
962 1209
962 1762
962 1789
962 2260
962 2374
962 3403
962 3805
963 1014
963 1292
963 1320
963 1350
963 1397
963 2465
963 2474
963 3180
963 3263
964 2934
965 1842
966 2397
967 1245
967 3211
967 3693
968 1064
968 1100
969 1032
969 1103
969 3803
970 984
970 1929
970 2464
970 2678
970 2765
970 2787
970 3718
970 3958
971 1269
971 2600
971 2891
971 3580
971 3671
972 1177
972 1314
972 1639
972 2312
972 2471
972 3194
972 3583
972 3999
973 2497
973 3768
974 999
974 1438
974 3069
974 3802
975 1365
975 1741
975 1996
975 2855
975 2922
975 3323
976 1203
976 1885
976 2666
976 3032
976 3114
976 3241
977 3544
979 1375
979 2945
979 3598
980 1036
980 1371
980 1436
980 1483
980 1502
980 1610
980 2050
980 2075
980 2143
980 2294
980 2545
980 2617
980 3989
981 1171
981 1466
981 2279
981 2419
981 3833
981 3863
982 1262
982 2353
982 2606
983 1684
983 1791
983 2091
983 3313
983 3991
984 991
984 1000
984 1063
984 1293
984 1360
984 1738
984 1775
984 2553
984 2679
985 2112
986 1137
986 2477
986 3460
987 1235
987 1245
987 1306
987 1742
987 1838
987 3531
987 3576
987 3823
987 3943
988 1632
988 2384
988 2418
988 2595
988 2776
988 2960
988 3176
989 1109
989 1187
989 1350
989 2270
989 2335
989 2692
989 2764
990 1173
990 1518
990 2694
990 3029
991 1255
991 1500
991 2033
991 2712
991 2893
991 2983
992 1435
993 1052
993 1807
993 2855
993 3230
993 3441
993 3464
996 1090
996 1106
996 1483
996 1513
996 1701
996 1911
996 2012
996 2733
996 3018
996 3568
997 1039
997 1208
997 2495
997 2522
997 2524
997 3006
997 3128
997 3860
997 3943
998 1176
998 1189
998 1533
998 2037
998 2538
999 1633
1000 1728
1000 1836
1001 1404
1001 1408
1001 1472
1001 2018
1001 3030
1003 2303
1004 1048
1004 1291
1004 1963
1004 2331
1004 2348
1004 2431
1004 2549
1004 3613
1004 3865
1006 1157
1006 1861
1006 3134
1007 1150
1007 3892
1009 1750
1009 1980
1009 2388
1009 3448
1010 1555
1010 1769
1010 3159
1010 3756
1011 1777
1011 2529
1011 3336
1011 3487
1012 1013
1012 1226
1012 1515
1012 1611
1012 1785
1012 1818
1012 1860
1012 1959
1012 2019
1012 2211
1012 2241
1012 2947
1012 3080
1012 3103
1012 3119
1012 3199
1012 3836
1013 1476
1013 2408
1013 2611
1013 3375
1014 2252
1014 3158
1016 1334
1016 1876
1016 3950
1017 2272
1018 3545
1019 1116
1019 2917
1020 1051
1020 1158
1020 1237
1020 1522
1020 1877
1020 2322
1020 3139
1022 1121
1022 1564
1022 1616
1022 1679
1022 1917
1022 2409
1022 3023
1022 3677
1022 3955
1023 1088
1023 1280
1023 1936
1024 1033
1024 1082
1024 1992
1024 2004
1024 2559
1024 3239
1024 3331
1025 1638
1025 3077
1025 3642
1026 1038
1026 1692
1026 1835
1026 2390
1026 3772
1027 1170
1027 1575
1027 1796
1027 3759
1027 3842
1028 1062
1028 1303
1028 1800
1028 2472
1028 3017
1028 3772
1029 1140
1029 1811
1029 2682
1029 3013
1030 1713
1030 1735
1030 1965
1030 2219
1030 2418
1030 2513
1030 2645
1030 2725
1030 3018
1030 3261
1030 3550
1030 3899
1031 1678
1031 2515
1031 3160
1032 1401
1032 3554
1033 1191
1033 1213
1033 2199
1034 1568
1034 1879
1034 3585
1035 2914
1036 1227
1036 1705
1036 2140
1036 2237
1036 2544
1036 2671
1036 3152
1036 3513
1036 3740
1037 1128
1037 1376
1037 1438
1037 1953
1037 2031
1037 2699
1037 2969
1038 1317
1038 1521
1038 1600
1038 2316
1038 2364
1038 2964
1038 3187
1038 3391
1039 1880
1039 3792
1039 3876
1040 1210
1040 1218
1040 1268
1040 2643
1040 3035
1040 3863
1041 1508
1041 1825
1041 1991
1041 2600
1042 1239
1042 1276
1042 1359
1042 1593
1042 1770
1042 1969
1042 2156
1042 2728
1042 2821
1042 3537
1043 1540
1043 2207
1043 2565
1043 3058
1044 1120
1044 2956
1044 3985
1045 1216
1045 1259
1045 1309
1045 1781
1045 3283
1046 2656
1047 1354
1047 2159
1047 2190
1047 3267
1047 3788
1049 1285
1049 2549
1049 3031
1049 3455
1050 1364
1050 2163
1051 1295
1051 1425
1051 1459
1051 1485
1051 1580
1051 1892
1051 2089
1052 2981
1052 3174
1053 1181
1053 1490
1053 1919
1053 1940
1053 2036
1053 2185
1053 2724
1053 3028
1053 3150
1053 3870
1054 1165
1054 2141
1054 3384
1054 3974
1055 1901
1055 2532
1055 3657
1056 1166
1056 1673
1056 2839
1056 3656
1056 3767
1057 2144
1057 2367
1057 2475
1057 2883
1057 3068
1058 1069
1058 1905
1058 2336
1058 2951
1058 3760
1059 1112
1059 1132
1059 1382
1059 2122
1060 1413
1061 1439
1061 1992
1061 2025
1061 3015
1061 3021
1061 3040
1061 3209
1061 3385
1061 3423
1062 1754
1062 2877
1062 3371
1064 1114
1064 3589
1065 1642
1065 2100
1065 2599
1065 2669
1065 3484
1065 3990
1066 2886
1067 1984
1067 2797
1067 2878
1069 1281
1069 1438
1069 1949
1069 2079
1069 2194
1069 2217
1069 2874
1069 3182
1069 3613
1070 1093
1070 1464
1070 1923
1070 2054
1070 3413
1070 3937
1071 1339
1071 1555
1071 2377
1071 2424
1071 3020
1072 1080
1072 2604
1073 2463
1073 3792
1074 1383
1074 2581
1074 3189
1075 1530
1075 2083
1075 2499
1075 2931
1075 3983
1076 1264
1076 1736
1076 2000
1076 2357
1076 2600
1076 3080
1076 3602
1076 3632
1077 1564
1077 2575
1078 1544
1078 2696
1078 3601
1079 2346
1079 3386
1079 3957
1080 1151
1080 1748
1080 1909
1080 2244
1080 3513
1081 1284
1081 1296
1081 1536
1081 2483
1081 2890
1081 3263
1081 3931
1082 2341
1083 1212
1083 2234
1083 2405
1083 2921
1083 3033
1083 3746
1084 1535
1084 1550
1084 1747
1084 1847
1084 1913
1084 2473
1085 1981
1085 1987
1085 2217
1085 2354
1086 2011
1086 2394
1087 1252
1088 1094
1088 1448
1088 2488
1089 2185
1089 3175
1091 1646
1091 1729
1091 3649
1092 1520
1092 2090
1092 2438
1092 2828
1092 2997
1092 3942
1093 1707
1093 3110
1093 3618
1094 1135
1094 1185
1094 1700
1094 2380
1094 2510
1094 3126
1095 1110
1095 2261
1095 2591
1095 3343
1095 3692
1096 1196
1096 1977
1096 2565
1097 1724
1097 1836
1097 2587
1097 2681
1098 1267
1098 1458
1098 1604
1098 3528
1098 3552
1099 1199
1099 3237
1099 3443
1100 1689
1100 2843
1100 3223
1100 3547
1101 1210
1101 1278
1101 1546
1101 1641
1101 1824
1101 2024
1101 2390
1101 2392
1101 2964
1101 3308
1101 3632
1102 1269
1102 1913
1102 3195
1103 1955
1103 2222
1103 2366
1103 3205
1103 3701
1103 3996
1104 1589
1104 1721
1104 1902
1104 2061
1104 2723
1104 3442
1104 3844
1104 3998
1105 3769
1106 3627
1106 3742
1107 3611
1108 1786
1108 1972
1108 2987
1108 3240
1108 3565
1109 1810
1109 2128
1109 3426
1110 1531
1110 2417
1110 2449
1110 2604
1111 2582
1111 2599
1111 2631
1111 2802
1111 3571
1112 1875
1112 2159
1112 2261
1112 2287
1112 2680
1112 3760
1113 1322
1113 1370
1114 1119
1114 2052
1114 2121
1114 2224
1114 2766
1114 2933
1115 1171
1115 1327
1115 1494
1115 1979
1115 2018
1115 2505
1115 2648
1116 1609
1116 2932
1117 2321
1117 3812
1117 3831
1118 2213
1118 3764
1119 1158
1119 1451
1119 1608
1119 1844
1119 1919
1119 2354
1120 3764
1121 1362
1121 1844
1121 3143
1122 1273
1122 1610
1122 3541
1122 3774
1124 1764
1124 1828
1124 1971
1124 2221
1124 3874
1125 1425
1126 1337
1126 2197
1126 3196
1126 3949
1127 2605
1128 1366
1128 1728
1128 1987
1128 2930
1129 2065
1129 2150
1129 2613
1129 2793
1130 1197
1130 1228
1130 1397
1130 1659
1130 2272
1130 2381
1130 2710
1130 2962
1130 3405
1131 1134
1132 1493
1132 3241
1133 1182
1133 1404
1133 1661
1133 1774
1133 2568
1133 3137
1133 3195
1133 3242
1133 3999
1134 1850
1134 2686
1135 1303
1135 3172
1136 2177
1136 2548
1137 1292
1137 2516
1137 2667
1137 3663
1138 2819
1139 1522
1140 1442
1140 1544
1140 2311
1140 2968
1140 3569
1143 3756
1144 2036
1144 3156
1145 1755
1146 1202
1146 1384
1147 1526
1147 2518
1148 1452
1148 1525
1148 1601
1148 2349
1148 2374
1148 2529
1148 3485
1149 1793
1149 2028
1149 2941
1150 1987
1150 2915
1150 3505
1151 2764
1151 3787
1152 1373
1152 1548
1152 2762
1152 2962
1152 3256
1152 3891
1154 2706
1155 2065
1155 2077
1155 3234
1155 3283
1156 1423
1156 1962
1156 3826
1157 1273
1157 1369
1157 1485
1157 1944
1157 2100
1157 2314
1158 1393
1158 1479
1158 3338
1159 1291
1159 2400
1160 2249
1161 1318
1161 1558
1161 1718
1161 2270
1161 2467
1161 3204
1161 3479
1161 3742
1162 1280
1162 1526
1162 2527
1162 2815
1162 2859
1162 3262
1162 3356
1162 3411
1162 3451
1162 3946
1163 1582
1163 2542
1163 2627
1163 3284
1163 3673
1164 1584
1164 2494
1164 3012
1165 1581
1165 1983
1165 2063
1165 2975
1165 3870
1165 3935
1166 1616
1166 2041
1166 2905
1166 3932
1167 1491
1167 1847
1167 1868
1167 1965
1167 2434
1167 2860
1167 3956
1168 1456
1168 2238
1169 2461
1169 2499
1169 3656
1169 3753
1169 3790
1169 3961
1170 1326
1170 1418
1170 1484
1170 1510
1170 1689
1170 1732
1170 2050
1170 2862
1170 3109
1170 3270
1171 2966
1171 3364
1172 1271
1172 1434
1172 1681
1172 1706
1172 1856
1172 2417
1172 3931
1173 1699
1173 1946
1173 2301
1173 3142
1174 2543
1174 2605
1174 2739
1175 1472
1175 1653
1175 2950
1176 1305
1176 2612
1176 3144
1177 1418
1178 1593
1178 1882
1178 2055
1178 2411
1178 3139
1178 3529
1178 3617
1179 1520
1179 1680
1179 1696
1179 2270
1179 2358
1179 2391
1179 3891
1180 1955
1180 2138
1180 2724
1180 3573
1181 2349
1181 2989
1181 3161
1181 3591
1182 1907
1182 1961
1182 3351
1183 2712
1183 2750
1183 3035
1183 3739
1184 1283
1184 1838
1184 2090
1184 2383
1184 2932
1184 3479
1184 3615
1184 3750
1186 2339
1186 2351
1187 1251
1187 3093
1187 3992
1188 1442
1188 1737
1188 2214
1188 3638
1189 1381
1189 3498
1190 1289
1190 1583
1190 3759
1191 1445
1191 1574
1191 1712
1191 2010
1191 2141
1191 2172
1191 2329
1191 2546
1191 2649
1191 2766
1191 3174
1191 3449
1191 3967
1192 1275
1192 2180
1193 2046
1193 3096
1194 1308
1194 1475
1194 2158
1194 2519
1194 3221
1195 1668
1195 1742
1195 3749
1196 3057
1196 3391
1197 1241
1197 1348
1197 2071
1197 2105
1197 2781
1197 3379
1198 2094
1199 1733
1199 2805
1200 2023
1200 2740
1200 3108
1200 3790
1201 1573
1201 2849
1201 3655
1203 1657
1203 2236
1204 1309
1204 1345
1204 1587
1205 1486
1206 1426
1207 1223
1207 1224
1207 1229
1207 1520
1207 1880
1207 2302
1207 2498
1207 2561
1207 2873
1208 2139
1208 3272
1208 3341
1208 3667
1208 3987
1209 2393
1210 1594
1210 2248
1210 2843
1212 1602
1212 1731
1212 1733
1212 1775
1212 1950
1212 2350
1212 3343
1212 3417
1212 3918
1214 1331
1214 2042
1214 2671
1214 3219
1215 1658
1215 2386
1215 3527
1216 3211
1217 2420
1217 2648
1217 2679
1217 3518
1217 3522
1218 1603
1218 2373
1218 2403
1218 2650
1218 2655
1219 1919
1220 1455
1220 1813
1221 1381
1221 2669
1221 2832
1221 3301
1222 1289
1222 2372
1222 3152
1222 3728
1222 3861
1223 1270
1223 1891
1223 3506
1224 1281
1224 1670
1224 1862
1224 1872
1224 2413
1224 2463
1224 3054
1224 3186
1224 3833
1225 1393
1225 2396
1225 2689
1226 1422
1226 1621
1226 2037
1226 2333
1226 3083
1227 1877
1227 2447
1227 2689
1227 3918
1227 3941
1228 3388
1229 1273
1229 1426
1229 1462
1229 1591
1229 2145
1229 2425
1229 2810
1230 3848
1231 1357
1231 1361
1231 1450
1231 1470
1231 1720
1231 2571
1231 3641
1232 2361
1232 3193
1232 3299
1232 3822
1233 2910
1233 3552
1234 1634
1234 1820
1234 1987
1234 3042
1234 3312
1234 3450
1234 3918
1235 1669
1235 1817
1235 2160
1235 2281
1235 2940
1235 2998
1235 3107
1235 3812
1236 1429
1236 1446
1236 1524
1236 1718
1236 2596
1236 3302
1236 3322
1237 1321
1237 2426
1237 2460
1237 2972
1237 3390
1238 1561
1238 1677
1238 2087
1238 2675
1238 3956
1240 1429
1240 1829
1240 2035
1240 2177
1240 2573
1240 2574
1240 3871
1240 3893
1240 3915
1241 2231
1242 1332
1242 3606
1242 3794
1243 1611
1243 2052
1243 2107
1243 2991
1243 3481
1243 3726
1244 1707
1244 1947
1244 2311
1244 2642
1244 3022
1246 1262
1246 1342
1246 1934
1246 2045
1246 2059
1246 2378
1246 2463
1246 2492
1246 2686
1246 3230
1246 3322
1246 3874
1247 1947
1247 1998
1247 2066
1247 3084
1248 1381
1248 2867
1248 3063
1249 1296
1249 1656
1249 2420
1249 3429
1250 1566
1250 1982
1250 2285
1250 2902
1250 3060
1250 3275
1250 3305
1253 1342
1253 1973
1253 2397
1253 2421
1253 3293
1253 3622
1254 2491
1254 2597
1254 2828
1254 2851
1254 3136
1254 3687
1255 1523
1255 1764
1255 2665
1256 2857
1257 1549
1257 1593
1257 1753
1257 2017
1257 3459
1258 2640
1258 2790
1258 3269
1259 1462
1259 2109
1259 2328
1260 1269
1260 2281
1260 3934
1261 2551
1261 2869
1261 3016
1261 3638
1261 3655
1262 1914
1263 1553
1263 2917
1263 3470
1263 3583
1263 3732
1263 3762
1264 2402
1264 2863
1264 3699
1265 2137
1265 2791
1266 2070
1266 2444
1266 2961
1266 3816
1266 3928
1267 2732
1268 1385
1268 1643
1269 2696
1269 2755
1269 3418
1269 3637
1270 2066
1270 3081
1270 3167
1270 3171
1271 2194
1271 3174
1271 3189
1271 3773
1272 1539
1272 1998
1273 1460
1273 2064
1273 3855
1274 2509
1274 3840
1275 1619
1275 1838
1275 2251
1275 2715
1275 3722
1276 2689
1276 2817
1276 3794
1277 2422
1277 2827
1277 3901
1282 1564
1282 1680
1282 1796
1282 2360
1282 2571
1282 2884
1283 2038
1283 2727
1284 1433
1284 2880
1284 3130
1285 2049
1286 3118
1286 3319
1286 3450
1287 3173
1287 3394
1287 3849
1288 1805
1289 1402
1290 1343
1290 1906
1290 1927
1290 3079
1290 3108
1290 3929
1291 1382
1291 3138
1291 3522
1292 1297
1292 1388
1292 2045
1292 2219
1292 2638
1292 3172
1292 3668
1292 3880
1294 1816
1294 1895
1294 2060
1295 1961
1295 3476
1295 3894
1296 1394
1297 1334
1297 2525
1297 2998
1298 3165
1299 3463
1300 2781
1300 3868
1301 3117
1302 1634
1303 2159
1303 3428
1304 1433
1304 2563
1304 3228
1305 2528
1305 3504
1306 1462
1306 1762
1306 1879
1306 1978
1306 2307
1306 2352
1307 1775
1308 3635
1309 2252
1309 2632
1309 3329
1309 3685
1310 1419
1310 1426
1310 2989
1311 1787
1312 3098
1312 3561
1314 1476
1314 3862
1315 2442
1315 2939
1315 3269
1315 3535
1315 3562
1316 1666
1316 1688
1316 1861
1316 2421
1316 3832
1317 2125
1317 3192
1319 2637
1319 3160
1320 1640
1320 1754
1320 2601
1320 2790
1320 3404
1321 1351
1321 3299
1322 1400
1322 1848
1322 2372
1322 2495
1322 3022
1323 2835
1323 3813
1324 1546
1325 1458
1325 1517
1325 2175
1325 2433
1325 3597
1326 2780
1327 2102
1327 2603
1327 2972
1327 3213
1327 3639
1328 2779
1328 2848
1328 2968
1329 1882
1329 2754
1330 1624
1331 1410
1331 1600
1331 2093
1331 2399
1331 3943
1332 1872
1332 2469
1332 2547
1334 3751
1335 1752
1337 2469
1337 3214
1337 3747
1338 2539
1338 2631
1338 2659
1338 3441
1338 3710
1339 2832
1339 3055
1339 3329
1339 3503
1340 1390
1340 1406
1341 2811
1341 3698
1342 2255
1342 2595
1342 3248
1342 3432
1342 3769
1343 2202
1343 3885
1344 1487
1344 1618
1344 1939
1344 1990
1344 2484
1344 2955
1346 2112
1347 2186
1347 2817
1347 2982
1347 3082
1348 1492
1348 3976
1349 1452
1349 3555
1349 3768
1349 3943
1350 1522
1350 1884
1350 2055
1350 2524
1350 2533
1350 2985
1350 3071
1352 1792
1352 2194
1352 2844
1352 3455
1353 1369
1353 1388
1353 1761
1353 1852
1353 2435
1353 3579
1353 3819
1354 1368
1354 2857
1355 3050
1355 3197
1355 3323
1356 3707
1356 3714
1357 2006
1357 2347
1357 2356
1357 2365
1357 2513
1357 3357
1358 1476
1358 1966
1358 2520
1358 3176
1358 3219
1358 3269
1358 3890
1359 1656
1359 1743
1359 3276
1360 1383
1360 2255
1360 2325
1360 2976
1360 3793
1361 1653
1361 2379
1361 2544
1361 3557
1362 1692
1362 3127
1363 1687
1363 1833
1363 2731
1363 2977
1363 3552
1363 3611
1364 1636
1364 1767
1364 2289
1364 3855
1364 3872
1365 1422
1366 1591
1366 2197
1366 2768
1366 3697
1366 3905
1368 1428
1369 1379
1369 1841
1369 2003
1369 3970
1370 1451
1370 1702
1370 2592
1370 2620
1370 2835
1370 3181
1370 3278
1370 3491
1370 3699
1371 1463
1371 1473
1371 1945
1371 2299
1373 3223
1375 1445
1375 2545
1375 3951
1376 1483
1376 1822
1377 1409
1377 1738
1377 1887
1377 2489
1377 3586
1377 3635
1377 3928
1378 3712
1379 1700
1379 1806
1379 1821
1379 3664
1380 1628
1380 1646
1381 1500
1381 2571
1381 3611
1381 3757
1382 1389
1382 2027
1382 3523
1382 3727
1384 1628
1384 1868
1384 2974
1385 2687
1385 3002
1385 3043
1386 1477
1386 1641
1386 1963
1387 2631
1388 1470
1388 1918
1388 2920
1388 3198
1389 1628
1389 2542
1390 1816
1390 2048
1390 2653
1391 1605
1391 1986
1391 2271
1391 3286
1392 3412
1392 3995
1393 1583
1393 2126
1395 2214
1396 1833
1396 2472
1396 2845
1396 2925
1396 3360
1396 3762
1396 3847
1398 2312
1398 2773
1399 1430
1399 2289
1399 3463
1400 1802
1400 1888
1400 2252
1400 2327
1400 3330
1400 3521
1401 2614
1401 3404
1402 1469
1402 2419
1403 1421
1403 2080
1405 1563
1405 1615
1405 1947
1405 2413
1405 3233
1405 3247
1405 3606
1405 3856
1406 1543
1406 2669
1406 3846
1407 1481
1407 3802
1409 1846
1409 1928
1410 1414
1411 3149
1412 1454
1412 1838
1412 2469
1413 1490
1413 1848
1413 2523
1413 2860
1413 3319
1414 2375
1414 2709
1414 3394
1415 1617
1415 1662
1415 3658
1418 3390
1419 1876
1419 1909
1420 1439
1420 3161
1420 3342
1420 3408
1420 3692
1420 3958
1421 3373
1422 1563
1422 2192
1422 3124
1423 1730
1423 3476
1423 3963
1424 1818
1424 2092
1425 1734
1425 3607
1425 3965
1426 1463
1426 2089
1426 2594
1426 3359
1427 1654
1427 2019
1427 2326
1427 2463
1428 2559
1428 2636
1429 1556
1429 1857
1429 2236
1430 1502
1430 2311
1430 2512
1430 2846
1430 3562
1430 3771
1431 1538
1431 3378
1431 3962
1432 1857
1432 2193
1432 2312
1432 2382
1432 2486
1432 2616
1432 3112
1432 3630
1433 2085
1433 2806
1437 1623
1437 1928
1437 2427
1437 3580
1437 3734
1438 1880
1438 2681
1438 2838
1438 3160
1438 3265
1438 3282
1439 2181
1440 1973
1440 2030
1440 2031
1440 3626
1441 2733
1441 3684
1442 1588
1442 2511
1442 3634
1444 3783
1445 3207
1446 1755
1446 2316
1446 2406
1446 3440
1447 1608
1447 1813
1448 3084
1449 2955
1449 2996
1449 3690
1450 1578
1450 1763
1450 3037
1451 1456
1451 3045
1451 3905
1452 1523
1452 2011
1452 3254
1454 3092
1455 1560
1455 1637
1455 1702
1455 1951
1455 2759
1455 3081
1455 3433
1455 3488
1455 3784
1456 1475
1456 3905
1457 1651
1457 1981
1457 2865
1457 3039
1457 3913
1458 1862
1458 3461
1459 2362
1459 3613
1460 2087
1461 2693
1461 2786
1461 3449
1461 3538
1462 1616
1462 2881
1462 3631
1463 1668
1464 2079
1464 2156
1465 1718
1465 2402
1465 2674
1465 2715
1465 2816
1465 3538
1466 3795
1467 1929
1467 2179
1468 2385
1468 3183
1469 1619
1469 2115
1469 2195
1469 2300
1469 2826
1469 3362
1469 3512
1469 3585
1470 1690
1470 1839
1470 3419
1471 2501
1471 3880
1471 3994
1472 3057
1472 3497
1473 1689
1473 1698
1473 1704
1473 1845
1473 2066
1473 2263
1473 2342
1473 2517
1473 2831
1473 2834
1474 2436
1474 2830
1474 3140
1474 3452
1474 3977
1475 1557
1475 2080
1475 2098
1475 2333
1475 2487
1475 2573
1475 2666
1475 3506
1475 3525
1475 3600
1476 1682
1476 1769
1477 3516
1478 1626
1478 1629
1478 1855
1478 2767
1478 2871
1478 3002
1478 3753
1478 3900
1480 2506
1481 2081
1481 2451
1482 1635
1482 1703
1482 2391
1482 2633
1482 3294
1483 1958
1483 2239
1483 2293
1483 3951
1484 1498
1484 1567
1484 1579
1484 2188
1484 2625
1484 3235
1485 2076
1485 2258
1486 1710
1486 1762
1486 3666
1487 1960
1488 1709
1488 2232
1488 2541
1488 2847
1490 2174
1490 2500
1490 3306
1490 3790
1491 2837
1491 2991
1493 2320
1493 2610
1494 2218
1494 2937
1495 1661
1495 2126
1495 2960
1497 2523
1497 3337
1497 3385
1499 1953
1500 1554
1500 1579
1500 2093
1500 3243
1501 2150
1502 2422
1502 3576
1502 3982
1503 3374
1504 2381
1506 1962
1506 2222
1506 2606
1506 3069
1506 3511
1507 1518
1507 2454
1507 3624
1507 3796
1508 2486
1508 3877
1509 1682
1509 1860
1509 2050
1509 3758
1510 2185
1510 2188
1511 2698
1511 3236
1511 3836
1512 2622
1513 1514
1513 1612
1513 1677
1513 2127
1513 2151
1513 2704
1513 2722
1513 3210
1513 3213
1513 3375
1514 2807
1514 3408
1514 3567
1515 2857
1516 1525
1516 2007
1516 2824
1516 3330
1518 3151
1519 1628
1519 1960
1519 2286
1519 2592
1519 3102
1519 3468
1519 3491
1520 2626
1521 2593
1521 3298
1521 3812
1522 2056
1522 2691
1522 3727
1523 2448
1524 1559
1524 1780
1524 2430
1524 3020
1524 3285
1525 2123
1526 1828
1526 2295
1527 1667
1527 2021
1528 1640
1528 1772
1528 1951
1528 3681
1529 3317
1529 3909
1530 2506
1530 2646
1530 3198
1531 1664
1532 1618
1532 1759
1532 1868
1532 3071
1532 3204
1532 3377
1532 3889
1533 1976
1533 2465
1534 1726
1535 1640
1535 3576
1536 4000
1537 1757
1537 1895
1537 2403
1537 2610
1537 2990
1538 2048
1539 2483
1540 1631
1540 3538
1542 3724
1543 1973
1543 1991
1543 2575
1543 3362
1543 3904
1544 2762
1544 3034
1545 1557
1545 1658
1545 2591
1545 3333
1546 1691
1546 3745
1548 2834
1548 2874
1548 2885
1548 3757
1550 1926
1550 3517
1551 1651
1552 2824
1552 3696
1553 2110
1553 3669
1554 1912
1554 3308
1555 1606
1555 2634
1556 3959
1557 2216
1557 2776
1558 2032
1559 3374
1560 2619
1562 2688
1562 2745
1562 2966
1563 2735
1564 2273
1564 3115
1564 3676
1564 3902
1564 3954
1565 1645
1565 1924
1565 2221
1565 2972
1565 3170
1566 2641
1567 3483
1568 1794
1568 1934
1568 1936
1568 1978
1568 2208
1568 2232
1568 3597
1568 3865
1569 2013
1569 2101
1569 2135
1569 3008
1569 3110
1569 3209
1569 3631
1570 2182
1570 2291
1571 1744
1571 1756
1571 2026
1571 2343
1571 3409
1571 3793
1572 1837
1572 2468
1573 2258
1573 2626
1574 3367
1575 1683
1575 2947
1576 1662
1576 1693
1576 1950
1576 2689
1576 2999
1576 3052
1576 3920
1577 2779
1578 1888
1578 2446
1578 3308
1580 3657
1581 1633
1582 1781
1582 2572
1582 3029
1582 3214
1582 3465
1589 1725
1589 1744
1589 2784
1589 2790
1589 3853
1589 3932
1590 2445
1590 2726
1591 2633
1591 3373
1592 1828
1592 2481
1592 2739
1593 1928
1593 2490
1593 2596
1595 1741
1595 3865
1596 2518
1597 1703
1597 1923
1597 2219
1597 3567
1598 1626
1598 1867
1598 2171
1598 2765
1598 3068
1598 3208
1598 3297
1599 1614
1599 1690
1599 2442
1599 2790
1599 2982
1599 3351
1600 2046
1601 1801
1601 2819
1601 3803
1602 2250
1602 2453
1602 2602
1602 2751
1603 2104
1603 2778
1603 3383
1605 2192
1606 2515
1606 3191
1606 3418
1607 1640
1607 2871
1607 3321
1608 2492
1608 3506
1609 3082
1609 3539
1609 3722
1609 3755
1610 1634
1610 1870
1610 2150
1610 3044
1610 3270
1610 3829
1611 2763
1612 2172
1612 2521
1612 2674
1612 2684
1612 3484
1613 1823
1614 1667
1614 1918
1614 2261
1614 3657
1615 2829
1616 1716
1616 2601
1616 2692
1616 3290
1616 3982
1617 2026
1618 2944
1618 3352
1619 2004
1619 2367
1619 3059
1619 3309
1619 3636
1619 3723
1619 3731
1620 1778
1620 2776
1620 3846
1621 1988
1622 3973
1625 1667
1625 2114
1625 2192
1625 3154
1625 3535
1625 3595
1626 2411
1626 2530
1627 1728
1627 2167
1627 2796
1628 1672
1628 2007
1628 2221
1628 2323
1628 2597
1629 2700
1631 3954
1632 1773
1632 3229
1633 2256
1634 1991
1634 3067
1634 3388
1634 3904
1636 1695
1636 2487
1636 2521
1636 2574
1636 3282
1636 3592
1638 1677
1638 1946
1638 2316
1638 2781
1638 3380
1638 3914
1639 2858
1639 3433
1640 2722
1640 3497
1640 3714
1641 1655
1642 2731
1642 3566
1643 1709
1643 2911
1644 3579
1644 3592
1645 2108
1645 2251
1646 3845
1648 2578
1649 3446
1650 2332
1650 2479
1650 3398
1650 3478
1651 1770
1651 2279
1651 3019
1651 3383
1651 3566
1652 2489
1652 2627
1652 3028
1652 3147
1652 3730
1653 1802
1653 2069
1653 2143
1653 2505
1653 3078
1654 2873
1655 1891
1655 2185
1655 3487
1656 3933
1657 2335
1657 2582
1657 2962
1658 1875
1658 3376
1658 3610
1659 1699
1659 3126
1659 3178
1659 3844
1660 1865
1660 2014
1660 2332
1660 2528
1660 2811
1660 3482
1660 3559
1661 3255
1662 3086
1662 3135
1662 3151
1662 3256
1663 2485
1663 2714
1663 3334
1664 2230
1664 2676
1665 3164
1665 3738
1666 2015
1667 2251
1667 2926
1667 3002
1667 3430
1667 3964
1670 2072
1671 2295
1671 3358
1671 3630
1671 3838
1672 1727
1673 2639
1674 2645
1674 3565
1675 1878
1675 2672
1675 2743
1675 2855
1675 3049
1675 3107
1675 3257
1676 2030
1677 2031
1677 2581
1677 3027
1677 3503
1678 2392
1678 2702
1678 2784
1678 2866
1678 3372
1678 3705
1680 3580
1682 1948
1683 2575
1683 3291
1685 2071
1687 1886
1687 2102
1688 1742
1688 1954
1688 2017
1688 3398
1689 2275
1689 3401
1690 1866
1691 3596
1692 2266
1692 2409
1692 2641
1692 3335
1692 3888
1693 3615
1694 2446
1694 3965
1695 1893
1695 1984
1696 2700
1697 2716
1697 2754
1697 2995
1697 3394
1697 3953
1698 2234
1698 2296
1698 3644
1701 2572
1701 2954
1702 2187
1703 2125
1703 2174
1703 2802
1704 2437
1704 3007
1704 3052
1705 3101
1705 3871
1705 3910
1708 1768
1708 2137
1708 2530
1708 3799
1711 2585
1711 3462
1714 3845
1715 2163
1715 2749
1715 2937
1715 3436
1715 3715
1716 3058
1716 3917
1717 3355
1718 1725
1718 2947
1718 3123
1719 2370
1720 1763
1720 2042
1720 2774
1720 3168
1721 1737
1721 2102
1721 2249
1721 3113
1722 1802
1722 2075
1722 2159
1722 2558
1723 1935
1723 2531
1723 3080
1723 3256
1724 3810
1724 3837
1725 3937
1726 3014
1726 3384
1727 2100
1727 3115
1727 3175
1728 1934
1728 2070
1728 2289
1728 2509
1728 2627
1728 3100
1728 3321
1728 3357
1728 3553
1729 2157
1729 3484
1730 2344
1730 2362
1730 2617
1730 2923
1730 3620
1730 3825
1732 1867
1732 2514
1732 2732
1732 2833
1732 2908
1732 3636
1734 3783
1735 1921
1735 2071
1735 2173
1735 3728
1736 2149
1737 2570
1737 2731
1737 3707
1737 3996
1739 2340
1739 2691
1739 2792
1739 2925
1739 2969
1739 3577
1740 2046
1740 3946
1741 2287
1742 3137
1742 3709
1742 3990
1743 2215
1743 2560
1743 3912
1744 1848
1744 2002
1744 2516
1744 3047
1745 2245
1746 2408
1746 2984
1747 1771
1748 3673
1749 2404
1751 2124
1751 3451
1752 2133
1753 1841
1753 2280
1753 3919
1754 3603
1755 3609
1756 2719
1756 3797
1757 1917
1757 3171
1757 3828
1758 2792
1758 3445
1759 3142
1761 2713
1761 3349
1762 2735
1762 3778
1763 2235
1763 2335
1763 3422
1764 1854
1764 2562
1764 2892
1764 2950
1764 3065
1765 2171
1765 2572
1765 2646
1765 3319
1765 3352
1765 3414
1767 3775
1768 3423
1769 2183
1770 2326
1770 2853
1770 3025
1771 2533
1771 2849
1772 2715
1773 1972
1773 2091
1773 2299
1773 2416
1773 2653
1775 1872
1775 2281
1776 2993
1777 1945
1777 2877
1777 3608
1778 2187
1778 3231
1780 2882
1780 3810
1781 2521
1781 2872
1781 3321
1781 3846
1782 1950
1782 3949
1784 1851
1784 1903
1784 3771
1785 2814
1785 3327
1785 3498
1786 2287
1787 1814
1787 1965
1787 3687
1787 3915
1787 3997
1788 2481
1788 2539
1789 3224
1789 3393
1790 2147
1790 2184
1790 2576
1790 2879
1790 3575
1792 1843
1792 2153
1792 3106
1792 3176
1792 3405
1792 3659
1792 3862
1793 2481
1793 3572
1793 3820
1794 2614
1794 3273
1794 3393
1797 2299
1797 2588
1797 3194
1797 3961
1798 1884
1798 2410
1798 2676
1798 2741
1798 2913
1799 2145
1799 2215
1799 2797
1799 3749
1800 3924
1803 2348
1804 2726
1804 3049
1804 3581
1805 2057
1805 3317
1805 3342
1806 2308
1807 2130
1807 3203
1808 2021
1808 2484
1808 3334
1809 2942
1810 3405
1812 3800
1813 2576
1813 2690
1813 3158
1813 3177
1813 3726
1814 3331
1815 3569
1816 1839
1816 1949
1816 2058
1816 2201
1816 2475
1816 2875
1816 3703
1818 2139
1819 2570
1819 2683
1819 3359
1821 2049
1821 2143
1821 2986
1821 3119
1821 3297
1821 3485
1821 3782
1822 2714
1822 3389
1823 2173
1824 1853
1824 3474
1825 2743
1826 3796
1827 2547
1827 2593
1828 2302
1828 3450
1828 3570
1829 3902
1830 2576
1830 2608
1830 3181
1830 3951
1830 3968
1831 3978
1833 2800
1833 3972
1837 2911
1839 2562
1840 2055
1840 2585
1840 2941
1840 3292
1840 3685
1840 3950
1841 2356
1842 2109
1842 2927
1844 2718
1844 2775
1844 3193
1846 1960
1847 2918
1847 3272
1847 3634
1848 3869
1849 2350
1849 2410
1850 3091
1852 3976
1853 2224
1854 2896
1854 3024
1854 3363
1855 2193
1855 3233
1855 3594
1856 2005
1856 2121
1856 2936
1857 3326
1858 2677
1859 3571
1860 2428
1860 2894
1861 2045
1862 2821
1862 2968
1863 2025
1863 2280
1863 3053
1864 2246
1864 2952
1866 2333
1866 2441
1867 2753
1868 3397
1868 3780
1869 2658
1869 3705
1869 3731
1870 2368
1870 3465
1872 3130
1872 3690
1873 2501
1873 2612
1873 3184
1873 3420
1874 2663
1875 2124
1875 2379
1875 3243
1875 3816
1876 3288
1876 3853
1877 2145
1877 3324
1879 1909
1879 3289
1879 3466
1879 3508
1880 2395
1880 3048
1881 2111
1882 2020
1882 2144
1882 2161
1882 2187
1882 2738
1882 3077
1882 3281
1882 3827
1883 3095
1884 1977
1884 2049
1886 3998
1887 2505
1888 1997
1889 3436
1890 2032
1891 2425
1892 3810
1893 3446
1893 3540
1894 2653
1894 3218
1894 3230
1894 3327
1895 1914
1895 1934
1895 3200
1896 2949
1896 3562
1897 2399
1898 2717
1898 2864
1898 3628
1899 1915
1899 3869
1900 2043
1900 2442
1900 3092
1901 2266
1901 2679
1902 3751
1902 3844
1903 1968
1903 2166
1903 3222
1903 3240
1903 3544
1904 1912
1904 2805
1904 3944
1908 3261
1908 3453
1908 3881
1909 2116
1909 2283
1909 3036
1909 3378
1909 3545
1909 3631
1909 3819
1911 3086
1912 2376
1912 2859
1913 1994
1918 2805
1920 2154
1920 2448
1920 2798
1920 3126
1920 3316
1920 3596
1920 3734
1922 2569
1922 2743
1923 2154
1927 2092
1928 2997
1929 2321
1929 2842
1930 2375
1930 2531
1930 3178
1930 3345
1931 2494
1931 3226
1931 3537
1932 2346
1933 2231
1933 2278
1933 2351
1933 3657
1934 3724
1935 2010
1935 2240
1935 2279
1935 2388
1938 1992
1940 2010
1940 3333
1941 2210
1941 2435
1941 2526
1942 3392
1943 3054
1944 3645
1946 3687
1947 2754
1947 3322
1948 1979
1948 2191
1948 2799
1949 2356
1950 2031
1950 2490
1950 2514
1950 2547
1950 2977
1950 3362
1952 3883
1954 2583
1955 2377
1956 2291
1956 3619
1956 3661
1958 3094
1959 3686
1960 1967
1960 3014
1961 2320
1961 2412
1961 2983
1961 3070
1962 2117
1963 2926
1967 2607
1967 3542
1967 3886
1968 2142
1968 2845
1968 3831
1969 2340
1970 2289
1970 2923
1972 3430
1973 2369
1974 2226
1974 2288
1975 3265
1976 2277
1976 2998
1976 3203
1976 3390
1977 3344
1977 3517
1977 3894
1978 2129
1980 3007
1981 2283
1982 2246
1982 2267
1982 3066
1982 3314
1983 2458
1983 3149
1984 2201
1985 3026
1985 3607
1989 3408
1990 2345
1990 2594
1990 3371
1990 3650
1990 3729
1990 4000
1991 2075
1991 3176
1993 2350
1993 2647
1994 2354
1994 2701
1994 2874
1994 2886
1994 3479
1994 3688
1997 2426
1997 2902
1997 3841
1999 2776
1999 3572
2000 2134
2001 2310
2002 3505
2003 2198
2005 2174
2007 2908
2008 2074
2009 2276
2009 3366
2011 2625
2012 2076
2015 2329
2017 2033
2017 3105
2018 2572
2019 2522
2020 2105
2020 2124
2020 3860
2023 2999
2023 3305
2023 3387
2023 3744
2024 2337
2025 2028
2025 2080
2025 2812
2026 2718
2027 3048
2027 3660
2028 2153
2028 2223
2028 3966
2029 2064
2029 2522
2029 2553
2029 3134
2029 3184
2031 2591
2031 3456
2036 2407
2036 2839
2037 2864
2039 2093
2040 2389
2040 2642
2040 2882
2042 2445
2042 2975
2042 3815
2043 2090
2044 3847
2045 2747
2045 3253
2046 2411
2046 2606
2046 2770
2046 3367
2046 3850
2047 2841
2047 3215
2048 2889
2049 2319
2049 2357
2049 2687
2049 2972
2049 3328
2049 3558
2049 3780
2049 3932
2050 2552
2054 2222
2054 2301
2054 2435
2054 2692
2054 3417
2054 3668
2057 2902
2057 3757
2058 2298
2059 2191
2059 3320
2060 3270
2060 3507
2061 2358
2061 3795
2061 3868
2062 2527
2062 3947
2063 2369
2063 3340
2063 3717
2064 2305
2067 2404
2067 3499
2068 2111
2068 2919
2068 3993
2071 2285
2074 2635
2075 2195
2075 2657
2075 2798
2076 2109
2076 2255
2076 3782
2077 2838
2078 2342
2078 2516
2078 2583
2078 3151
2078 3682
2079 3806
2079 3851
2080 2504
2081 2564
2082 2259
2082 2981
2082 3691
2083 2880
2084 2135
2084 2497
2084 2899
2085 2966
2085 3237
2086 3240
2087 2157
2087 2414
2087 2898
2087 3805
2088 3295
2090 2699
2090 3133
2091 2704
2091 3347
2091 3531
2092 2713
2092 2749
2092 3507
2093 3131
2093 3460
2094 2424
2095 2673
2096 2315
2096 2386
2096 2778
2096 2865
2096 3150
2096 3417
2096 3924
2097 3727
2097 3902
2098 2282
2098 2693
2098 3980
2098 3985
2098 3986
2099 2630
2099 3187
2100 2629
2101 2265
2101 2309
2101 2959
2102 2395
2103 3741
2104 3695
2105 2313
2105 2526
2107 3124
2107 3656
2108 2370
2108 2782
2108 3194
2109 2204
2110 2537
2110 2920
2111 2314
2111 3620
2112 2765
2113 2490
2114 2118
2114 3296
2115 3220
2115 3344
2115 3655
2116 2935
2118 2971
2119 2288
2119 3570
2119 3693
2120 2275
2120 2554
2120 2820
2123 2801
2124 2218
2124 2761
2124 3077
2124 3249
2124 3527
2125 2179
2125 2205
2125 2444
2125 2614
2125 3939
2126 2164
2126 2611
2127 3158
2127 3201
2127 3506
2129 2190
2130 2803
2130 3410
2130 3829
2131 2654
2132 2238
2132 2507
2132 3952
2134 2965
2134 3087
2134 3401
2135 3085
2135 3763
2136 2719
2136 3128
2136 3259
2137 2366
2138 2569
2141 2155
2141 3919
2142 3097
2144 2575
2145 3927
2146 2541
2149 3399
2151 3491
2154 2899
2154 3444
2154 3814
2157 2532
2158 2814
2158 3373
2158 3922
2159 3556
2160 3416
2160 3622
2162 2557
2163 3825
2165 2862
2166 2931
2168 2499
2168 3832
2169 3050
2169 3720
2171 3411
2172 2901
2173 2901
2173 3200
2173 3841
2174 2502
2176 2716
2176 3241
2177 3207
2178 2579
2180 2647
2183 2273
2183 2737
2183 3103
2184 2567
2184 2706
2184 2741
2184 3706
2185 2298
2185 3643
2188 2872
2192 2566
2192 2826
2192 3761
2192 3994
2195 3074
2195 3336
2195 3956
2196 3431
2196 3534
2197 3337
2198 2592
2198 3183
2198 3826
2198 3859
2200 2400
2200 2851
2200 3568
2200 3974
2201 2867
2201 3095
2202 2961
2202 3763
2203 2245
2203 2368
2204 3936
2209 2389
2212 2239
2212 2366
2212 2377
2212 2421
2212 2967
2212 3313
2213 2913
2214 2263
2215 3212
2216 2905
2216 3124
2216 3251
2216 3439
2216 3793
2218 3762
2219 3091
2220 3047
2220 3288
2221 2619
2221 3540
2221 3563
2221 3649
2222 2284
2223 2990
2223 3042
2223 3044
2225 2829
2225 3610
2227 2559
2227 2639
2227 3067
2229 2561
2229 3184
2229 3644
2230 2909
2231 2514
2231 2814
2232 3309
2233 3242
2234 2760
2234 2880
2234 2980
2234 3547
2236 2566
2236 3012
2236 3014
2236 3666
2237 3569
2238 2239
2238 2710
2238 3626
2239 3523
2241 2546
2242 3720
2245 2795
2246 3857
2247 3454
2248 3908
2249 2482
2249 3322
2249 3335
2253 2722
2254 2460
2254 2880
2254 3921
2255 3251
2256 2868
2257 3364
2259 3923
2265 3159
2266 3179
2267 2364
2267 3020
2268 2556
2268 2751
2268 2941
2271 3290
2272 3065
2272 3421
2273 2842
2273 2970
2275 2604
2275 2649
2275 3933
2277 2486
2277 3122
2279 3702
2280 3128
2283 2826
2283 2897
2283 3182
2283 3515
2284 3340
2286 3276
2287 3104
2288 2752
2288 3765
2289 2593
2289 3512
2291 2496
2292 2964
2292 3503
2293 3396
2294 3864
2296 2429
2297 2502
2297 3123
2297 3440
2297 3479
2299 3103
2299 3279
2302 3288
2303 2578
2303 3140
2303 3653
2304 2969
2305 2832
2305 3289
2306 3050
2306 3508
2306 3582
2306 3981
2308 2760
2308 3258
2308 3748
2308 3933
2309 2346
2309 2878
2310 2533
2310 2818
2311 3146
2312 2690
2312 2791
2312 3075
2313 2447
2315 3424
2316 2471
2317 2548
2317 2804
2317 3880
2318 2516
2318 3060
2318 3283
2319 2418
2320 2465
2320 3601
2321 2895
2321 2904
2323 3252
2327 2825
2328 3005
2328 3504
2329 3755
2330 2483
2330 2946
2331 2757
2331 2927
2331 3032
2331 3534
2333 2528
2333 3080
2333 3301
2333 3499
2333 3874
2334 2470
2334 3026
2334 3475
2335 3869
2336 2719
2336 2853
2337 2423
2337 3287
2338 2938
2338 3200
2339 2535
2340 3960
2342 3646
2344 2381
2344 2427
2344 3640
2346 2704
2346 3443
2347 3610
2348 2502
2350 2905
2350 3064
2350 3407
2353 3475
2357 2958
2357 3371
2359 2616
2360 2634
2361 2459
2362 2876
2362 3135
2362 3699
2365 2950
2365 3306
2365 3507
2365 3984
2369 2933
2370 2699
2370 3409
2372 3823
2377 3923
2378 3597
2379 2493
2379 3012
2380 2584
2380 3140
2380 3251
2382 2858
2382 2973
2385 2435
2386 3785
2387 2877
2387 3005
2387 3401
2388 2459
2388 2817
2390 3798
2391 3563
2392 2656
2392 3043
2393 3138
2394 2614
2394 3016
2395 2452
2396 3480
2398 2583
2398 3369
2399 2536
2399 2789
2399 3588
2399 3673
2399 3732
2400 2500
2401 2448
2401 2517
2401 2637
2401 3947
2402 2953
2402 3439
2403 2860
2403 3355
2404 2461
2405 2751
2408 2628
2409 3574
2410 2742
2410 3285
2413 2976
2413 3120
2413 3835
2416 2504
2416 2643
2416 3725
2416 3821
2417 3133
2417 3301
2417 3714
2418 2793
2418 3083
2419 2847
2420 3056
2420 3961
2424 2987
2424 3453
2427 3386
2427 3487
2427 3520
2429 3016
2430 3907
2431 2470
2431 2638
2431 3177
2433 2586
2433 3148
2436 2586
2436 3280
2440 3292
2441 3543
2442 3870
2444 3423
2444 3516
2447 2709
2448 2762
2448 3578
2450 3509
2452 3037
2452 3088
2457 3935
2458 3949
2459 3489
2460 2993
2460 3591
2464 3349
2464 3826
2465 2839
2465 3278
2465 3416
2466 2696
2466 3034
2467 3351
2469 2891
2471 3117
2473 2994
2473 3430
2477 2866
2477 3465
2477 3658
2477 3929
2480 3502
2481 2551
2481 2922
2481 3938
2482 3964
2484 2740
2484 2780
2485 3053
2485 3347
2489 3007
2490 2826
2490 3057
2491 2940
2492 2848
2492 3792
2493 2716
2494 3399
2496 2936
2496 3122
2496 3287
2497 3609
2497 3698
2501 2681
2502 3375
2503 2654
2503 3584
2504 3678
2504 3937
2505 3083
2506 3049
2506 3625
2507 2853
2507 3266
2507 3510
2514 2670
2514 3317
2515 3031
2515 3281
2515 3768
2516 3977
2518 2557
2518 2870
2518 3191
2521 3232
2521 3353
2521 3934
2522 2564
2522 3137
2524 3429
2524 3984
2525 3079
2525 3209
2526 2550
2526 3161
2528 2948
2529 3058
2530 3206
2534 3247
2534 3575
2534 3977
2535 2889
2535 3336
2535 3779
2535 3796
2540 2580
2540 2930
2540 3851
2540 3882
2540 3986
2541 2756
2541 3974
2542 3061
2544 3129
2544 3903
2545 2594
2546 3442
2546 3738
2547 2598
2547 2630
2547 2651
2547 3353
2547 3602
2549 2909
2551 2734
2552 3045
2552 3125
2553 3722
2555 3068
2556 3273
2557 2735
2557 3146
2558 3976
2560 3626
2560 3883
2560 3926
2561 2770
2561 3239
2563 2665
2564 3560
2566 3290
2569 2824
2569 3387
2570 4000
2573 2725
2574 2685
2574 3986
2576 3861
2577 3721
2577 3783
2578 2678
2578 2720
2579 3073
2580 3415
2581 3004
2581 3164
2581 3168
2581 3781
2582 3675
2583 2898
2585 3011
2587 2728
2587 2761
2587 2823
2587 3224
2587 3312
2589 2854
2591 3917
2592 2883
2592 3031
2592 3836
2593 2618
2593 2642
2596 2663
2597 2642
2598 2667
2598 3922
2599 3160
2603 3849
2604 3064
2609 3312
2610 3766
2613 3987
2614 2730
2614 2739
2615 2622
2615 3260
2615 3263
2616 3777
2618 3771
2622 3716
2623 3062
2623 3359
2625 2980
2627 3811
2630 2820
2633 2744
2635 3522
2636 3762
2637 3153
2639 2792
2639 3420
2640 3186
2644 3114
2644 3672
2646 3985
2649 3272
2650 3765
2653 2668
2654 3178
2655 3428
2655 3538
2656 3127
2656 3607
2657 3396
2658 3171
2658 3571
2659 2708
2661 2662
2661 3132
2662 3296
2663 3170
2663 3300
2664 2906
2665 2963
2667 3118
2669 3944
2674 3149
2675 3089
2677 2988
2677 3271
2680 3383
2680 3413
2680 3581
2680 3915
2681 3325
2682 2866
2682 3604
2682 3852
2683 3653
2685 3304
2686 3325
2687 2971
2689 3100
2691 2818
2692 3385
2693 3361
2694 3111
2694 3145
2695 2809
2695 3266
2696 3466
2697 2708
2697 3047
2698 2835
2698 3857
2699 3535
2702 2879
2702 3212
2702 3625
2702 3849
2702 3889
2704 2784
2706 2951
2707 3350
2707 3807
2711 3966
2713 3438
2717 2719
2717 3936
2718 2778
2718 3227
2718 3549
2718 3616
2719 3502
2720 3823
2721 3671
2722 3323
2723 2890
2724 3477
2726 2757
2726 3285
2726 3770
2727 3051
2729 2930
2730 3112
2732 2928
2735 2963
2737 2807
2738 2968
2739 3249
2740 3991
2741 3509
2743 3179
2743 3565
2748 2995
2748 3069
2749 3165
2751 3585
2752 3664
2755 2756
2755 2999
2756 3061
2757 3953
2761 3053
2761 3512
2766 2926
2766 3837
2767 3393
2767 3678
2767 3786
2772 3523
2772 3731
2773 3212
2773 3752
2775 3088
2775 3618
2777 3486
2778 3594
2780 3489
2781 2829
2783 3524
2784 3085
2784 3239
2784 3256
2786 3318
2787 3236
2788 3674
2788 3799
2788 3975
2789 3150
2789 3240
2789 3564
2790 3481
2791 2803
2791 3737
2791 3938
2794 3198
2795 2820
2796 3897
2797 3788
2800 3175
2804 2900
2804 2908
2804 3017
2804 3127
2804 3177
2804 3749
2809 3006
2811 3448
2811 3503
2811 3662
2812 3197
2814 3455
2815 3219
2816 3758
2817 2992
2818 3109
2819 3193
2820 3361
2821 3367
2821 3729
2823 3699
2829 3966
2831 3099
2832 3274
2838 2925
2838 3693
2838 3945
2841 3245
2842 3093
2843 3536
2843 3619
2846 3783
2848 2881
2848 3279
2848 3379
2850 3620
2850 3927
2853 2942
2854 2962
2857 3233
2859 3715
2860 3402
2860 3828
2860 3843
2861 2987
2862 3748
2863 3010
2866 3213
2867 3131
2869 3000
2869 3369
2869 3518
2870 3761
2870 3883
2873 3100
2874 3277
2876 3236
2879 3165
2881 2979
2884 3089
2884 3262
2886 3416
2887 3720
2887 3741
2889 3947
2891 3583
2893 2904
2897 3377
2901 2971
2901 3185
2904 3250
2905 3304
2906 3182
2908 3045
2908 3101
2909 3195
2917 2938
2921 3528
2922 3345
2926 3744
2929 3328
2931 3102
2931 3255
2935 3381
2939 2963
2939 3871
2940 3614
2943 3009
2946 3526
2948 3122
2952 3516
2957 3651
2958 3911
2958 3921
2959 3286
2962 3933
2966 3612
2966 3703
2966 3743
2968 3203
2968 3957
2969 3214
2971 3736
2972 3132
2972 3444
2976 3897
2976 3940
2980 3694
2982 3034
2985 3067
2989 3546
2992 3694
2996 3408
2996 3739
3000 3072
3000 3270
3000 3988
3010 3590
3010 3619
3013 3406
3019 3302
3019 3487
3019 3508
3019 3656
3021 3414
3021 3765
3023 3740
3024 3052
3024 3579
3024 3641
3024 3712
3025 3863
3028 3125
3028 3416
3028 3427
3028 3561
3028 3660
3028 3791
3030 3116
3030 3132
3030 3743
3030 3754
3033 3143
3033 3155
3039 3130
3043 3158
3046 3570
3046 3733
3046 3852
3048 3467
3048 3644
3051 3697
3052 3382
3052 3449
3053 3554
3053 3850
3056 3491
3056 3679
3058 3432
3059 3448
3059 3782
3061 3511
3061 3728
3062 3929
3063 3548
3064 3447
3064 3457
3065 3691
3066 3374
3068 3746
3076 3332
3078 3451
3080 3496
3080 3564
3080 3675
3080 3873
3081 3598
3083 3889
3085 3140
3089 3712
3093 3924
3094 3948
3098 3368
3099 3600
3100 3311
3101 3815
3102 3161
3115 3837
3119 3165
3119 3425
3125 3511
3131 3232
3131 3695
3132 3890
3134 3527
3134 3803
3138 3614
3141 3752
3144 3501
3145 3457
3146 3363
3146 3972
3147 3432
3147 3737
3150 3418
3152 3859
3157 3468
3157 3554
3158 3333
3158 3808
3160 3688
3166 3946
3167 3268
3170 3260
3170 3692
3171 3355
3171 3975
3178 3695
3179 3287
3179 3556
3181 3774
3187 3253
3192 3623
3192 3867
3195 3459
3196 3524
3199 3365
3199 3399
3200 3977
3202 3917
3205 3389
3205 3432
3207 3290
3217 3917
3218 3899
3221 3593
3227 3502
3227 3604
3227 3784
3232 3569
3233 3634
3234 3652
3235 3577
3235 3645
3243 3303
3243 3856
3247 3261
3249 3841
3251 3848
3252 3677
3253 3608
3255 3736
3256 3983
3257 3413
3258 3903
3264 3763
3265 3596
3265 3916
3268 3472
3269 3994
3270 3514
3274 3546
3276 3774
3277 3773
3277 3790
3280 3754
3288 3510
3288 3700
3288 3825
3289 3425
3289 3702
3290 3758
3291 3422
3298 3360
3299 3587
3301 3573
3303 3396
3305 3735
3305 3872
3310 3370
3314 3761
3315 3427
3315 3717
3317 3471
3317 3637
3323 3573
3327 3518
3328 3348
3332 3966
3339 3618
3345 3351
3347 3437
3347 3548
3356 3562
3357 3593
3357 3716
3357 3895
3359 3835
3361 3406
3368 3742
3371 3509
3376 3665
3376 3681
3381 3519
3386 3631
3387 3839
3387 3918
3391 3780
3393 3537
3396 3575
3397 3702
3400 3725
3400 3884
3402 3639
3405 3653
3406 3553
3406 3824
3406 3862
3407 3589
3410 3620
3414 3435
3414 3866
3418 3739
3426 3687
3435 3814
3435 3957
3440 3660
3443 3536
3443 3891
3445 3872
3449 3536
3456 3534
3465 3469
3465 3960
3466 3839
3470 3719
3474 3552
3478 3858
3480 3750
3480 3936
3486 3609
3486 3879
3486 3959
3487 3930
3488 3584
3490 3533
3498 3952
3500 3979
3509 3662
3511 3884
3518 3904
3523 3612
3523 3642
3532 3998
3539 3827
3539 3894
3550 3651
3551 3939
3560 3595
3560 3980
3564 3988
3565 3634
3568 3793
3573 3652
3575 3609
3580 3930
3585 3704
3588 3734
3589 3952
3605 3921
3613 3700
3614 3876
3614 3905
3615 3787
3622 3984
3623 3683
3628 3669
3635 3976
3643 3671
3646 3875
3649 3816
3649 3978
3656 3885
3663 3710
3663 3867
3685 3786
3691 3707
3697 3947
3702 3742
3702 3797
3703 3925
3703 3972
3709 3772
3711 3941
3715 3859
3720 3924
3721 3829
3733 3852
3743 3942
3750 3939
3759 3843
3765 3892
3795 3891
3799 3981
3807 3856
3819 3881
3886 3936
3893 3973
